date,title,character,remarks,spot,lng,lat,url1,url2
2023/08/01,イベント,キャラA,ここにテキストが入ります,ES CON FIELD HOKKAIDO,42.9900811,141.548987,https://www.yahoo.co.jp/,
2023/08/01,イベント,キャラC,,楽天モバイルパーク宮城,38.25715429,140.9026198,,
2023/08/02,イベント,キャラB,ここにテキストが入ります,ベルーナドーム,35.769015,139.420191,https://www.google.com/,
2023/08/02,イベント,キャラA,,ZOZOマリンスタジアム,35.645158,140.030831,https://www.yahoo.co.jp/,https://www.google.com/
2023/08/03,イベント,キャラC,ここにテキストが入ります,東京ドーム,35.70517,139.75231,https://www.yahoo.co.jp/,
2023/08/03,イベント,キャラB,,明治神宮野球場,35.674611,139.717,,
2023/08/04,イベント,キャラA/キャラC,ここにテキストが入ります,横浜スタジアム,35.4434518,139.6400593,https://www.google.com/,
2023/08/04,イベント,キャラB,,バンテリンドームナゴヤ,35.186008,136.9474,https://www.yahoo.co.jp/,https://www.google.com/
2023/08/05,イベント,キャラB,ここにテキストが入ります,京セラドーム大阪,34.669527,135.476003,https://www.yahoo.co.jp/,
2023/08/05,イベント,キャラA,,ほっともっとフィールド神戸,34.680606,135.073506,,
2023/08/06,イベント,キャラC,ここにテキストが入ります,阪神甲子園球場,34.721217,135.361656,https://www.google.com/,
2023/08/07,イベント,キャラA/キャラB,,MAZDA Zoom-Zoom スタジアム 広島,34.39176,132.48336,https://www.yahoo.co.jp/,https://www.google.com/
2023/08/07,イベント,キャラC,ここにテキストが入ります,福岡PayPayドーム,33.5953725,130.362073,https://www.yahoo.co.jp/,
2023/08/08,イベント,キャラB,,ファイターズ鎌ヶ谷スタジアム,35.759336,139.976859,,
2023/08/08,イベント,キャラA,ここにテキストが入ります,ヤクルト戸田球場,35.82284854,139.6343656,https://www.google.com/,
2023/08/09,イベント,キャラC,,横須賀スタジアム,35.3184226,139.6349177,https://www.yahoo.co.jp/,https://www.google.com/
2023/08/09,イベント,キャラC,ここにテキストが入ります,タマホームスタジアム筑後,38.18029,130.49112,https://www.yahoo.co.jp/,
2023/08/10,イベント,キャラA,,スタルヒン球場,43.7891821,142.369906,,
2023/08/11,イベント,キャラB/キャラC,ここにテキストが入ります,はるか夢球場,40.592037,140.500975,https://www.google.com/,
2023/08/12,イベント,キャラC,,きたぎんボールパーク,39.650296,141.137466,https://www.yahoo.co.jp/,https://www.google.com/
2023/08/13,イベント,キャラA,,きらやかスタジアム,38.27881506,140.347233,,
2023/08/13,イベント,キャラC,ここにテキストが入ります,楽天イーグルス利府球場,38.33741353,140.9670666,https://www.google.com/,
2023/08/14,イベント,キャラB,,牛久運動公園野球場,36.0000516,140.1688903,https://www.yahoo.co.jp/,https://www.google.com/
2023/08/14,イベント,キャラA,ここにテキストが入ります,TOKIWAスタジアム龍ケ崎,35.9276,140.208152,https://www.yahoo.co.jp/,
2023/08/15,イベント,キャラC,,長良川球場,35.4405377,136.7629441,,
2023/08/15,イベント,キャラB,ここにテキストが入ります,長崎ビッグNスタジアム,32.77678513,129.8605513,https://www.google.com/,
2023/08/16,イベント,キャラA/キャラC,,大分県別大興産スタジアム,33.25129159,131.6276533,https://www.yahoo.co.jp/,https://www.google.com/
2023/08/16,イベント,キャラB,ここにテキストが入ります,ES CON FIELD HOKKAIDO,36.41551973,136.5119345,https://www.yahoo.co.jp/,
2023/08/17,イベント,キャラB,,楽天モバイルパーク宮城,36.40087481,136.417994,,
2023/08/17,イベント,キャラA,ここにテキストが入ります,ベルーナドーム,36.38622989,136.3240536,https://www.google.com/,
2023/08/18,イベント,キャラC,,ZOZOマリンスタジアム,36.37158497,136.2301131,https://www.yahoo.co.jp/,https://www.google.com/
2023/08/19,イベント,キャラA/キャラB,ここにテキストが入ります,東京ドーム,36.35694005,136.1361726,https://www.yahoo.co.jp/,
2023/08/19,イベント,キャラC,,明治神宮野球場,36.34229513,136.0422322,,
2023/08/20,イベント,キャラB,ここにテキストが入ります,横浜スタジアム,36.32765022,135.9482917,https://www.google.com/,
2023/08/20,イベント,キャラA,,バンテリンドームナゴヤ,36.3130053,135.8543512,https://www.yahoo.co.jp/,https://www.google.com/
2023/08/21,イベント,キャラC,ここにテキストが入ります,京セラドーム大阪,36.29836038,135.7604108,https://www.yahoo.co.jp/,
2023/08/21,イベント,キャラC,,ほっともっとフィールド神戸,36.28371546,135.6664703,,
2023/08/22,イベント,キャラA,ここにテキストが入ります,阪神甲子園球場,36.26907054,135.5725298,https://www.google.com/,
2023/08/23,イベント,キャラB/キャラC,,MAZDA Zoom-Zoom スタジアム 広島,36.25442562,135.4785893,https://www.yahoo.co.jp/,https://www.google.com/
2023/08/24,イベント,キャラC,ここにテキストが入ります,福岡PayPayドーム,36.2397807,135.3846489,https://www.yahoo.co.jp/,
2023/08/24,イベント,キャラA,,ファイターズ鎌ヶ谷スタジアム,36.22513578,135.2907084,,
2023/08/25,イベント,キャラA,ここにテキストが入ります,ヤクルト戸田球場,36.21049086,135.1967679,https://www.google.com/,
2023/08/25,イベント,キャラC,,横須賀スタジアム,36.19584594,135.1028275,https://www.yahoo.co.jp/,https://www.google.com/
2023/08/26,イベント,キャラB,ここにテキストが入ります,タマホームスタジアム筑後,36.18120103,135.008887,https://www.yahoo.co.jp/,
2023/08/26,イベント,キャラA,,スタルヒン球場,36.16655611,134.9149465,,
2023/08/27,イベント,キャラC,ここにテキストが入ります,はるか夢球場,36.15191119,134.8210061,https://www.google.com/,
2023/08/27,イベント,キャラB,,きたぎんボールパーク,36.13726627,134.7270656,https://www.yahoo.co.jp/,https://www.google.com/
2023/08/28,イベント,キャラA/キャラC,ここにテキストが入ります,こまちスタジアム,36.12262135,134.6331251,https://www.yahoo.co.jp/,
2023/08/28,イベント,キャラB,,きらやかスタジアム,36.10797643,134.5391846,,
2023/08/29,イベント,キャラB,ここにテキストが入ります,楽天イーグルス利府球場,36.09333151,134.4452442,https://www.google.com/,
2023/08/29,イベント,キャラA,,牛久運動公園野球場,36.07868659,134.3513037,https://www.yahoo.co.jp/,https://www.google.com/
2023/08/30,イベント,キャラC,ここにテキストが入ります,TOKIWAスタジアム龍ケ崎,36.06404167,134.2573632,https://www.yahoo.co.jp/,
2023/08/31,イベント,キャラA/キャラB,,長良川球場,36.04939675,134.1634228,,
2023/08/31,イベント,キャラC,ここにテキストが入ります,長崎ビッグNスタジアム,36.03475184,134.0694823,https://www.google.com/,
2023/09/01,イベント,キャラB,,大分県別大興産スタジアム,36.02010692,133.9755418,https://www.yahoo.co.jp/,https://www.google.com/
2023/09/01,イベント,キャラA,ここにテキストが入ります,ES CON FIELD HOKKAIDO,36.005462,133.8816014,https://www.yahoo.co.jp/,
2023/09/02,イベント,キャラC,,楽天モバイルパーク宮城,35.99081708,133.7876609,,
2023/09/02,イベント,キャラC,ここにテキストが入ります,ベルーナドーム,35.97617216,133.6937204,https://www.google.com/,
2023/09/03,イベント,キャラA,,ZOZOマリンスタジアム,35.96152724,133.5997799,https://www.yahoo.co.jp/,https://www.google.com/
2023/09/04,イベント,キャラB/キャラC,ここにテキストが入ります,東京ドーム,35.94688232,133.5058395,https://www.yahoo.co.jp/,
2023/09/05,イベント,キャラC,,明治神宮野球場,35.9322374,133.411899,,
2023/09/05,イベント,キャラA,ここにテキストが入ります,横浜スタジアム,35.91759248,133.3179585,https://www.google.com/,
2023/09/06,イベント,キャラA,,バンテリンドームナゴヤ,35.90294757,133.2240181,https://www.yahoo.co.jp/,https://www.google.com/
2023/09/06,イベント,キャラC,ここにテキストが入ります,京セラドーム大阪,35.88830265,133.1300776,https://www.yahoo.co.jp/,
2023/09/07,イベント,キャラB,,ほっともっとフィールド神戸,35.87365773,133.0361371,,
2023/09/07,イベント,キャラA,ここにテキストが入ります,阪神甲子園球場,35.85901281,132.9421967,https://www.google.com/,
2023/09/08,イベント,キャラC,,MAZDA Zoom-Zoom スタジアム 広島,35.84436789,132.8482562,https://www.yahoo.co.jp/,https://www.google.com/
2023/09/08,イベント,キャラB,ここにテキストが入ります,福岡PayPayドーム,35.82972297,132.7543157,https://www.yahoo.co.jp/,
2023/09/09,イベント,キャラA/キャラC,,ファイターズ鎌ヶ谷スタジアム,35.81507805,132.6603752,,
2023/09/09,イベント,キャラB,ここにテキストが入ります,ヤクルト戸田球場,35.80043313,132.5664348,https://www.google.com/,
2023/09/10,イベント,キャラB,,横須賀スタジアム,35.78578821,132.4724943,https://www.yahoo.co.jp/,https://www.google.com/
2023/09/10,イベント,キャラA,ここにテキストが入ります,タマホームスタジアム筑後,35.77114329,132.3785538,https://www.yahoo.co.jp/,
2023/09/11,イベント,キャラC,,スタルヒン球場,35.75649838,132.2846134,,
2023/09/12,イベント,キャラA/キャラB,ここにテキストが入ります,はるか夢球場,35.74185346,132.1906729,https://www.google.com/,
2023/09/12,イベント,キャラC,,きたぎんボールパーク,35.72720854,132.0967324,https://www.yahoo.co.jp/,https://www.google.com/
2023/09/13,イベント,キャラB,ここにテキストが入ります,こまちスタジアム,35.71256362,132.002792,https://www.yahoo.co.jp/,
2023/09/13,イベント,キャラA,,きらやかスタジアム,35.6979187,131.9088515,,
2023/09/14,イベント,キャラC,ここにテキストが入ります,楽天イーグルス利府球場,35.68327378,131.814911,https://www.google.com/,
2023/09/14,イベント,キャラC,,牛久運動公園野球場,35.66862886,131.7209705,https://www.yahoo.co.jp/,https://www.google.com/
2023/09/15,イベント,キャラA,ここにテキストが入ります,TOKIWAスタジアム龍ケ崎,35.65398394,131.6270301,https://www.yahoo.co.jp/,
2023/09/16,イベント,キャラB/キャラC,,長良川球場,35.63933902,131.5330896,,
2023/09/17,イベント,キャラC,ここにテキストが入ります,長崎ビッグNスタジアム,35.6246941,131.4391491,https://www.google.com/,
2023/09/17,イベント,キャラA,,大分県別大興産スタジアム,35.61004919,131.3452087,https://www.yahoo.co.jp/,https://www.google.com/
2023/09/18,イベント,キャラA,ここにテキストが入ります,ES CON FIELD HOKKAIDO,35.59540427,131.2512682,https://www.yahoo.co.jp/,
2023/09/18,イベント,キャラC,,楽天モバイルパーク宮城,35.58075935,131.1573277,,
2023/09/19,イベント,キャラB,ここにテキストが入ります,ベルーナドーム,35.56611443,131.0633873,https://www.google.com/,
2023/09/19,イベント,キャラA,,ZOZOマリンスタジアム,35.55146951,130.9694468,https://www.yahoo.co.jp/,https://www.google.com/
2023/09/20,イベント,キャラC,ここにテキストが入ります,東京ドーム,35.53682459,130.8755063,https://www.yahoo.co.jp/,
2023/09/20,イベント,キャラB,,明治神宮野球場,35.52217967,130.7815658,,
2023/09/21,イベント,キャラA/キャラC,ここにテキストが入ります,横浜スタジアム,35.50753475,130.6876254,https://www.google.com/,
2023/09/21,イベント,キャラB,,バンテリンドームナゴヤ,35.49288983,130.5936849,https://www.yahoo.co.jp/,https://www.google.com/
2023/09/22,イベント,キャラB,ここにテキストが入ります,京セラドーム大阪,35.47824491,130.4997444,https://www.yahoo.co.jp/,
2023/09/22,イベント,キャラA,,ほっともっとフィールド神戸,35.4636,130.405804,,
2023/09/23,イベント,キャラC,ここにテキストが入ります,阪神甲子園球場,35.44895508,130.3118635,https://www.google.com/,
2023/09/24,イベント,キャラA/キャラB,,MAZDA Zoom-Zoom スタジアム 広島,35.43431016,130.217923,https://www.yahoo.co.jp/,https://www.google.com/
2023/09/24,イベント,キャラC,ここにテキストが入ります,福岡PayPayドーム,35.41966524,130.1239826,https://www.yahoo.co.jp/,
2023/09/25,イベント,キャラB,,ファイターズ鎌ヶ谷スタジアム,35.40502032,130.0300421,,
2023/09/25,イベント,キャラA,ここにテキストが入ります,ヤクルト戸田球場,35.3903754,129.9361016,https://www.google.com/,
2023/09/26,イベント,キャラC,,横須賀スタジアム,35.37573048,129.8421611,https://www.yahoo.co.jp/,https://www.google.com/
2023/09/26,イベント,キャラC,ここにテキストが入ります,タマホームスタジアム筑後,35.36108556,129.7482207,https://www.yahoo.co.jp/,
2023/09/28,イベント,キャラB/キャラC,ここにテキストが入ります,はるか夢球場,35.33179572,129.5603397,https://www.google.com/,
2023/09/29,イベント,キャラC,,きたぎんボールパーク,35.31715081,129.4663993,https://www.yahoo.co.jp/,https://www.google.com/
2023/09/29,イベント,キャラA,ここにテキストが入ります,こまちスタジアム,35.30250589,129.3724588,https://www.yahoo.co.jp/,
2023/09/30,イベント,キャラA,,きらやかスタジアム,35.28786097,129.2785183,,
2023/09/30,イベント,キャラC,ここにテキストが入ります,楽天イーグルス利府球場,35.27321605,129.1845779,https://www.google.com/,
2023/10/01,イベント,キャラB,,牛久運動公園野球場,35.25857113,129.0906374,https://www.yahoo.co.jp/,https://www.google.com/
2023/10/01,イベント,キャラA,ここにテキストが入ります,TOKIWAスタジアム龍ケ崎,35.24392621,128.9966969,https://www.yahoo.co.jp/,
2023/10/02,イベント,キャラC,,長良川球場,35.22928129,128.9027565,,
2023/10/02,イベント,キャラB,ここにテキストが入ります,長崎ビッグNスタジアム,35.21463637,128.808816,https://www.google.com/,
2023/10/03,イベント,キャラA/キャラC,,大分県別大興産スタジアム,35.19999145,128.7148755,https://www.yahoo.co.jp/,https://www.google.com/
2023/10/03,イベント,キャラB,ここにテキストが入ります,ES CON FIELD HOKKAIDO,35.18534653,128.620935,https://www.yahoo.co.jp/,
2023/10/04,イベント,キャラB,,楽天モバイルパーク宮城,35.17070162,128.5269946,,
2023/10/04,イベント,キャラA,ここにテキストが入ります,ベルーナドーム,35.1560567,128.4330541,https://www.google.com/,
2023/10/05,イベント,キャラC,,ZOZOマリンスタジアム,35.14141178,128.3391136,https://www.yahoo.co.jp/,https://www.google.com/
2023/10/06,イベント,キャラA/キャラB,ここにテキストが入ります,東京ドーム,35.12676686,128.2451732,https://www.yahoo.co.jp/,
2023/10/06,イベント,キャラC,,明治神宮野球場,35.11212194,128.1512327,,
2023/10/07,イベント,キャラB,ここにテキストが入ります,横浜スタジアム,35.09747702,128.0572922,https://www.google.com/,
2023/10/07,イベント,キャラA,,バンテリンドームナゴヤ,35.0828321,127.9633518,https://www.yahoo.co.jp/,https://www.google.com/
2023/10/08,イベント,キャラC,ここにテキストが入ります,京セラドーム大阪,35.06818718,127.8694113,https://www.yahoo.co.jp/,
2023/10/08,イベント,キャラC,,ほっともっとフィールド神戸,35.05354226,127.7754708,,
2023/10/09,イベント,キャラA,ここにテキストが入ります,阪神甲子園球場,35.03889734,127.6815303,https://www.google.com/,
2023/10/10,イベント,キャラB/キャラC,,MAZDA Zoom-Zoom スタジアム 広島,35.02425243,127.5875899,https://www.yahoo.co.jp/,https://www.google.com/
2023/10/11,イベント,キャラC,ここにテキストが入ります,福岡PayPayドーム,35.00960751,127.4936494,https://www.yahoo.co.jp/,
2023/10/11,イベント,キャラA,,ファイターズ鎌ヶ谷スタジアム,34.99496259,127.3997089,,
2023/10/12,イベント,キャラA,ここにテキストが入ります,ヤクルト戸田球場,34.98031767,127.3057685,https://www.google.com/,
2023/10/12,イベント,キャラC,,横須賀スタジアム,34.96567275,127.211828,https://www.yahoo.co.jp/,https://www.google.com/
2023/10/13,イベント,キャラB,ここにテキストが入ります,タマホームスタジアム筑後,34.95102783,127.1178875,https://www.yahoo.co.jp/,
2023/10/13,イベント,キャラA,,スタルヒン球場,34.93638291,127.0239471,,
2023/10/14,イベント,キャラC,ここにテキストが入ります,はるか夢球場,34.92173799,126.9300066,https://www.google.com/,
2023/10/14,イベント,キャラB,,きたぎんボールパーク,34.90709307,126.8360661,https://www.yahoo.co.jp/,https://www.google.com/
2023/10/15,イベント,キャラA/キャラC,ここにテキストが入ります,こまちスタジアム,34.89244815,126.7421256,https://www.yahoo.co.jp/,
2023/10/15,イベント,キャラB,,きらやかスタジアム,34.87780324,126.6481852,,
2023/10/16,イベント,キャラB,ここにテキストが入ります,楽天イーグルス利府球場,34.86315832,126.5542447,https://www.google.com/,
2023/10/16,イベント,キャラA,,牛久運動公園野球場,34.8485134,126.4603042,https://www.yahoo.co.jp/,https://www.google.com/
2023/10/18,イベント,キャラA/キャラB,,長良川球場,34.81922356,126.2724233,,
2023/10/18,イベント,キャラC,ここにテキストが入ります,長崎ビッグNスタジアム,34.80457864,126.1784828,https://www.google.com/,
2023/10/19,イベント,キャラB,,大分県別大興産スタジアム,34.78993372,126.0845424,https://www.yahoo.co.jp/,https://www.google.com/
2023/10/19,イベント,キャラA,ここにテキストが入ります,ES CON FIELD HOKKAIDO,34.7752888,125.9906019,https://www.yahoo.co.jp/,
2023/10/20,イベント,キャラC,,楽天モバイルパーク宮城,34.76064388,125.8966614,,
2023/10/20,イベント,キャラC,ここにテキストが入ります,ベルーナドーム,34.74599897,125.8027209,https://www.google.com/,
2023/10/21,イベント,キャラA,,ZOZOマリンスタジアム,34.73135405,125.7087805,https://www.yahoo.co.jp/,https://www.google.com/
2023/10/22,イベント,キャラB/キャラC,ここにテキストが入ります,東京ドーム,34.71670913,125.61484,https://www.yahoo.co.jp/,
2023/10/23,イベント,キャラC,,明治神宮野球場,34.70206421,125.5208995,,
2023/10/23,イベント,キャラA,ここにテキストが入ります,横浜スタジアム,34.68741929,125.4269591,https://www.google.com/,
2023/10/24,イベント,キャラA,,バンテリンドームナゴヤ,34.67277437,125.3330186,https://www.yahoo.co.jp/,https://www.google.com/
2023/10/24,イベント,キャラC,ここにテキストが入ります,京セラドーム大阪,34.65812945,125.2390781,https://www.yahoo.co.jp/,
2023/10/25,イベント,キャラB,,ほっともっとフィールド神戸,34.64348453,125.1451377,,
2023/10/25,イベント,キャラA,ここにテキストが入ります,阪神甲子園球場,34.62883961,125.0511972,https://www.google.com/,
2023/10/26,イベント,キャラC,,MAZDA Zoom-Zoom スタジアム 広島,34.61419469,124.9572567,https://www.yahoo.co.jp/,https://www.google.com/
2023/10/26,イベント,キャラB,ここにテキストが入ります,福岡PayPayドーム,34.59954978,124.8633162,https://www.yahoo.co.jp/,
2023/10/27,イベント,キャラA/キャラC,,ファイターズ鎌ヶ谷スタジアム,34.58490486,124.7693758,,
2023/10/27,イベント,キャラB,ここにテキストが入ります,ヤクルト戸田球場,34.57025994,124.6754353,https://www.google.com/,
2023/10/28,イベント,キャラB,,横須賀スタジアム,34.55561502,124.5814948,https://www.yahoo.co.jp/,https://www.google.com/
2023/10/28,イベント,キャラA,ここにテキストが入ります,タマホームスタジアム筑後,34.5409701,124.4875544,https://www.yahoo.co.jp/,
2023/10/29,イベント,キャラC,,スタルヒン球場,34.52632518,124.3936139,,
2023/10/30,イベント,キャラA/キャラB,ここにテキストが入ります,はるか夢球場,34.51168026,124.2996734,https://www.google.com/,
2023/10/30,イベント,キャラC,,きたぎんボールパーク,34.49703534,124.205733,https://www.yahoo.co.jp/,https://www.google.com/
2023/10/31,イベント,キャラB,ここにテキストが入ります,こまちスタジアム,34.48239042,124.1117925,https://www.yahoo.co.jp/,
2023/10/31,イベント,キャラA,,きらやかスタジアム,34.4677455,124.017852,,
2023/11/01,イベント,キャラC,ここにテキストが入ります,楽天イーグルス利府球場,34.45310059,123.9239115,https://www.google.com/,
2023/11/01,イベント,キャラC,,牛久運動公園野球場,34.43845567,123.8299711,https://www.yahoo.co.jp/,https://www.google.com/
2023/11/02,イベント,キャラA,ここにテキストが入ります,TOKIWAスタジアム龍ケ崎,34.42381075,123.7360306,https://www.yahoo.co.jp/,
2023/11/04,イベント,キャラC,ここにテキストが入ります,長崎ビッグNスタジアム,34.39452091,123.5481497,https://www.google.com/,
2023/11/04,イベント,キャラA,,大分県別大興産スタジアム,34.37987599,123.4542092,https://www.yahoo.co.jp/,https://www.google.com/
2023/11/05,イベント,キャラA,ここにテキストが入ります,ES CON FIELD HOKKAIDO,34.36523107,123.3602687,https://www.yahoo.co.jp/,
2023/11/05,イベント,キャラC,,楽天モバイルパーク宮城,34.35058615,123.2663283,,
2023/11/06,イベント,キャラB,ここにテキストが入ります,ベルーナドーム,34.33594123,123.1723878,https://www.google.com/,
2023/11/06,イベント,キャラA,,ZOZOマリンスタジアム,34.32129631,123.0784473,https://www.yahoo.co.jp/,https://www.google.com/
2023/11/07,イベント,キャラC,ここにテキストが入ります,東京ドーム,34.3066514,122.9845068,https://www.yahoo.co.jp/,
2023/11/07,イベント,キャラB,,明治神宮野球場,34.29200648,122.8905664,,
2023/11/08,イベント,キャラA/キャラC,ここにテキストが入ります,横浜スタジアム,34.27736156,122.7966259,https://www.google.com/,
2023/11/08,イベント,キャラB,,バンテリンドームナゴヤ,34.26271664,122.7026854,https://www.yahoo.co.jp/,https://www.google.com/
2023/11/09,イベント,キャラB,ここにテキストが入ります,京セラドーム大阪,34.24807172,122.608745,https://www.yahoo.co.jp/,
2023/11/09,イベント,キャラA,,ほっともっとフィールド神戸,34.2334268,122.5148045,,
2023/11/10,イベント,キャラC,ここにテキストが入ります,阪神甲子園球場,34.21878188,122.420864,https://www.google.com/,
2023/11/11,イベント,キャラA/キャラB,,MAZDA Zoom-Zoom スタジアム 広島,34.20413696,122.3269236,https://www.yahoo.co.jp/,https://www.google.com/
2023/11/11,イベント,キャラC,ここにテキストが入ります,福岡PayPayドーム,34.18949204,122.2329831,https://www.yahoo.co.jp/,
2023/11/12,イベント,キャラB,,ファイターズ鎌ヶ谷スタジアム,34.17484712,122.1390426,,
2023/11/12,イベント,キャラA,ここにテキストが入ります,ヤクルト戸田球場,34.16020221,122.0451022,https://www.google.com/,
2023/11/13,イベント,キャラC,,横須賀スタジアム,34.14555729,121.9511617,https://www.yahoo.co.jp/,https://www.google.com/
2023/11/13,イベント,キャラC,ここにテキストが入ります,タマホームスタジアム筑後,34.13091237,121.8572212,https://www.yahoo.co.jp/,
2023/11/14,イベント,キャラA,,スタルヒン球場,34.11626745,121.7632807,,
2023/11/15,イベント,キャラB/キャラC,ここにテキストが入ります,はるか夢球場,34.10162253,121.6693403,https://www.google.com/,
2023/11/16,イベント,キャラC,,きたぎんボールパーク,34.08697761,121.5753998,https://www.yahoo.co.jp/,https://www.google.com/
2023/11/16,イベント,キャラA,ここにテキストが入ります,こまちスタジアム,34.07233269,121.4814593,https://www.yahoo.co.jp/,
2023/11/17,イベント,キャラA,,きらやかスタジアム,34.05768777,121.3875189,,
2023/11/17,イベント,キャラC,ここにテキストが入ります,楽天イーグルス利府球場,34.04304285,121.2935784,https://www.google.com/,
2023/11/18,イベント,キャラB,,牛久運動公園野球場,34.02839793,121.1996379,https://www.yahoo.co.jp/,https://www.google.com/
2023/11/18,イベント,キャラA,ここにテキストが入ります,TOKIWAスタジアム龍ケ崎,34.01375302,121.1056975,https://www.yahoo.co.jp/,
2023/11/19,イベント,キャラC,,長良川球場,33.9991081,121.011757,,
2023/11/19,イベント,キャラB,ここにテキストが入ります,長崎ビッグNスタジアム,33.98446318,120.9178165,https://www.google.com/,
2023/11/20,イベント,キャラA/キャラC,,大分県別大興産スタジアム,33.96981826,120.823876,https://www.yahoo.co.jp/,https://www.google.com/
2023/11/20,イベント,キャラB,ここにテキストが入ります,ES CON FIELD HOKKAIDO,33.95517334,120.7299356,https://www.yahoo.co.jp/,
2023/11/21,イベント,キャラB,,楽天モバイルパーク宮城,33.94052842,120.6359951,,
2023/11/21,イベント,キャラA,ここにテキストが入ります,ベルーナドーム,33.9258835,120.5420546,https://www.google.com/,
2023/11/22,イベント,キャラC,,ZOZOマリンスタジアム,33.91123858,120.4481142,https://www.yahoo.co.jp/,https://www.google.com/
2023/11/23,イベント,キャラA/キャラB,ここにテキストが入ります,東京ドーム,33.89659366,120.3541737,https://www.yahoo.co.jp/,
2023/11/23,イベント,キャラC,,明治神宮野球場,33.88194874,120.2602332,,
2023/11/24,イベント,キャラB,ここにテキストが入ります,横浜スタジアム,33.86730383,120.1662928,https://www.google.com/,
2023/11/24,イベント,キャラA,,バンテリンドームナゴヤ,33.85265891,120.0723523,https://www.yahoo.co.jp/,https://www.google.com/
2023/11/25,イベント,キャラC,ここにテキストが入ります,京セラドーム大阪,33.83801399,119.9784118,https://www.yahoo.co.jp/,
2023/11/25,イベント,キャラC,,ほっともっとフィールド神戸,33.82336907,119.8844713,,
2023/11/26,イベント,キャラA,ここにテキストが入ります,阪神甲子園球場,33.80872415,119.7905309,https://www.google.com/,
2023/11/27,イベント,キャラB/キャラC,,MAZDA Zoom-Zoom スタジアム 広島,33.79407923,119.6965904,https://www.yahoo.co.jp/,https://www.google.com/
2023/11/28,イベント,キャラC,ここにテキストが入ります,福岡PayPayドーム,33.77943431,119.6026499,https://www.yahoo.co.jp/,
2023/11/28,イベント,キャラA,,ファイターズ鎌ヶ谷スタジアム,33.76478939,119.5087095,,
2023/11/29,イベント,キャラA,ここにテキストが入ります,ヤクルト戸田球場,33.75014447,119.414769,https://www.google.com/,
2023/11/29,イベント,キャラC,,横須賀スタジアム,33.73549956,119.3208285,https://www.yahoo.co.jp/,https://www.google.com/
2023/11/30,イベント,キャラB,ここにテキストが入ります,タマホームスタジアム筑後,33.72085464,119.2268881,https://www.yahoo.co.jp/,
2023/11/30,イベント,キャラA,,スタルヒン球場,33.70620972,119.1329476,,
2023/12/01,イベント,キャラC,ここにテキストが入ります,はるか夢球場,33.6915648,119.0390071,https://www.google.com/,
2023/12/01,イベント,キャラB,,きたぎんボールパーク,33.67691988,118.9450666,https://www.yahoo.co.jp/,https://www.google.com/
2023/12/02,イベント,キャラA/キャラC,ここにテキストが入ります,こまちスタジアム,33.66227496,118.8511262,https://www.yahoo.co.jp/,
2023/12/02,イベント,キャラB,,きらやかスタジアム,33.64763004,118.7571857,,
2023/12/03,イベント,キャラB,ここにテキストが入ります,楽天イーグルス利府球場,33.63298512,118.6632452,https://www.google.com/,
2023/12/03,イベント,キャラA,,牛久運動公園野球場,33.6183402,118.5693048,https://www.yahoo.co.jp/,https://www.google.com/
2023/12/05,イベント,キャラA/キャラB,,長良川球場,33.58905037,118.3814238,,
2023/12/05,イベント,キャラC,ここにテキストが入ります,長崎ビッグNスタジアム,33.57440545,118.2874834,https://www.google.com/,
2023/12/06,イベント,キャラB,,大分県別大興産スタジアム,33.55976053,118.1935429,https://www.yahoo.co.jp/,https://www.google.com/
2023/12/06,イベント,キャラA,ここにテキストが入ります,ES CON FIELD HOKKAIDO,33.54511561,118.0996024,https://www.yahoo.co.jp/,
2023/12/07,イベント,キャラC,,楽天モバイルパーク宮城,33.53047069,118.0056619,,
2023/12/07,イベント,キャラC,ここにテキストが入ります,ベルーナドーム,33.51582577,117.9117215,https://www.google.com/,
2023/12/08,イベント,キャラA,,ZOZOマリンスタジアム,33.50118085,117.817781,https://www.yahoo.co.jp/,https://www.google.com/
2023/12/09,イベント,キャラB/キャラC,ここにテキストが入ります,東京ドーム,33.48653593,117.7238405,https://www.yahoo.co.jp/,
2023/12/10,イベント,キャラC,,明治神宮野球場,33.47189101,117.6299001,,
2023/12/10,イベント,キャラA,ここにテキストが入ります,横浜スタジアム,33.45724609,117.5359596,https://www.google.com/,
2023/12/11,イベント,キャラA,,バンテリンドームナゴヤ,33.44260118,117.4420191,https://www.yahoo.co.jp/,https://www.google.com/
2023/12/11,イベント,キャラC,ここにテキストが入ります,京セラドーム大阪,33.42795626,117.3480787,https://www.yahoo.co.jp/,
2023/12/12,イベント,キャラB,,ほっともっとフィールド神戸,33.41331134,117.2541382,,
2023/12/12,イベント,キャラA,ここにテキストが入ります,阪神甲子園球場,33.39866642,117.1601977,https://www.google.com/,
2023/12/13,イベント,キャラC,,MAZDA Zoom-Zoom スタジアム 広島,33.3840215,117.0662572,https://www.yahoo.co.jp/,https://www.google.com/
2023/12/13,イベント,キャラB,ここにテキストが入ります,福岡PayPayドーム,33.36937658,116.9723168,https://www.yahoo.co.jp/,
2023/12/14,イベント,キャラA/キャラC,,ファイターズ鎌ヶ谷スタジアム,33.35473166,116.8783763,,
2023/12/14,イベント,キャラB,ここにテキストが入ります,ヤクルト戸田球場,33.34008674,116.7844358,https://www.google.com/,
2023/12/15,イベント,キャラB,,横須賀スタジアム,33.32544182,116.6904954,https://www.yahoo.co.jp/,https://www.google.com/
2023/12/15,イベント,キャラA,ここにテキストが入ります,タマホームスタジアム筑後,33.3107969,116.5965549,https://www.yahoo.co.jp/,
2023/12/16,イベント,キャラC,,スタルヒン球場,33.29615199,116.5026144,,
2023/12/17,イベント,キャラA/キャラB,ここにテキストが入ります,はるか夢球場,33.28150707,116.408674,https://www.google.com/,
2023/12/17,イベント,キャラC,,きたぎんボールパーク,33.26686215,116.3147335,https://www.yahoo.co.jp/,https://www.google.com/
2023/12/18,イベント,キャラB,ここにテキストが入ります,こまちスタジアム,33.25221723,116.220793,https://www.yahoo.co.jp/,
2023/12/18,イベント,キャラA,,きらやかスタジアム,33.23757231,116.1268525,,
2023/12/19,イベント,キャラC,ここにテキストが入ります,楽天イーグルス利府球場,33.22292739,116.0329121,https://www.google.com/,
2023/12/19,イベント,キャラC,,牛久運動公園野球場,33.20828247,115.9389716,https://www.yahoo.co.jp/,https://www.google.com/
2023/12/20,イベント,キャラA,ここにテキストが入ります,TOKIWAスタジアム龍ケ崎,33.19363755,115.8450311,https://www.yahoo.co.jp/,
2023/12/21,イベント,キャラB/キャラC,,長良川球場,33.17899263,115.7510907,,
2023/12/22,イベント,キャラC,ここにテキストが入ります,長崎ビッグNスタジアム,33.16434771,115.6571502,https://www.google.com/,
2023/12/22,イベント,キャラA,,大分県別大興産スタジアム,33.1497028,115.5632097,https://www.yahoo.co.jp/,https://www.google.com/
2023/12/23,イベント,キャラA,ここにテキストが入ります,ES CON FIELD HOKKAIDO,33.13505788,115.4692693,https://www.yahoo.co.jp/,
2023/12/23,イベント,キャラC,,楽天モバイルパーク宮城,33.12041296,115.3753288,,
2023/12/24,イベント,キャラB,ここにテキストが入ります,ベルーナドーム,33.10576804,115.2813883,https://www.google.com/,
2023/12/24,イベント,キャラA,,ZOZOマリンスタジアム,33.09112312,115.1874479,https://www.yahoo.co.jp/,https://www.google.com/
2023/12/25,イベント,キャラC,ここにテキストが入ります,東京ドーム,33.0764782,115.0935074,https://www.yahoo.co.jp/,
2023/12/25,イベント,キャラB,,明治神宮野球場,33.06183328,114.9995669,,
2023/12/26,イベント,キャラA/キャラC,ここにテキストが入ります,横浜スタジアム,33.04718836,114.9056264,https://www.google.com/,
2023/12/26,イベント,キャラB,,バンテリンドームナゴヤ,33.03254344,114.811686,https://www.yahoo.co.jp/,https://www.google.com/
2023/12/27,イベント,キャラB,ここにテキストが入ります,京セラドーム大阪,33.01789852,114.7177455,https://www.yahoo.co.jp/,
2023/12/27,イベント,キャラA,,ほっともっとフィールド神戸,33.00325361,114.623805,,
2023/12/28,イベント,キャラC,ここにテキストが入ります,阪神甲子園球場,32.98860869,114.5298646,https://www.google.com/,
2023/12/29,イベント,キャラA/キャラB,,MAZDA Zoom-Zoom スタジアム 広島,32.97396377,114.4359241,https://www.yahoo.co.jp/,https://www.google.com/
2023/12/29,イベント,キャラC,ここにテキストが入ります,福岡PayPayドーム,32.95931885,114.3419836,https://www.yahoo.co.jp/,
2023/12/30,イベント,キャラB,,ファイターズ鎌ヶ谷スタジアム,32.94467393,114.2480432,,
2023/12/30,イベント,キャラA,ここにテキストが入ります,ヤクルト戸田球場,32.93002901,114.1541027,https://www.google.com/,
2023/12/31,イベント,キャラC,,横須賀スタジアム,32.91538409,114.0601622,https://www.yahoo.co.jp/,https://www.google.com/
2023/12/31,イベント,キャラC,ここにテキストが入ります,タマホームスタジアム筑後,32.90073917,113.9662217,https://www.yahoo.co.jp/,
2024/01/01,イベント,キャラA,,スタルヒン球場,32.88609425,113.8722813,,
2024/01/03,イベント,キャラC,,きたぎんボールパーク,32.85680442,113.6844003,https://www.yahoo.co.jp/,https://www.google.com/
2024/01/03,イベント,キャラA,ここにテキストが入ります,こまちスタジアム,32.8421595,113.5904599,https://www.yahoo.co.jp/,
2024/01/04,イベント,キャラA,,きらやかスタジアム,32.82751458,113.4965194,,
2024/01/04,イベント,キャラC,ここにテキストが入ります,楽天イーグルス利府球場,32.81286966,113.4025789,https://www.google.com/,
2024/01/05,イベント,キャラB,,牛久運動公園野球場,32.79822474,113.3086385,https://www.yahoo.co.jp/,https://www.google.com/
2024/01/05,イベント,キャラA,ここにテキストが入ります,TOKIWAスタジアム龍ケ崎,32.78357982,113.214698,https://www.yahoo.co.jp/,
2024/01/06,イベント,キャラC,,長良川球場,32.7689349,113.1207575,,
2024/01/06,イベント,キャラB,ここにテキストが入ります,長崎ビッグNスタジアム,32.75428998,113.026817,https://www.google.com/,
2024/01/07,イベント,キャラA/キャラC,,大分県別大興産スタジアム,32.73964506,112.9328766,https://www.yahoo.co.jp/,https://www.google.com/
2024/01/07,イベント,キャラB,ここにテキストが入ります,ES CON FIELD HOKKAIDO,32.72500015,112.8389361,https://www.yahoo.co.jp/,
2024/01/08,イベント,キャラB,,楽天モバイルパーク宮城,32.71035523,112.7449956,,
2024/01/08,イベント,キャラA,ここにテキストが入ります,ベルーナドーム,32.69571031,112.6510552,https://www.google.com/,
2024/01/09,イベント,キャラC,,ZOZOマリンスタジアム,32.68106539,112.5571147,https://www.yahoo.co.jp/,https://www.google.com/
2024/01/10,イベント,キャラA/キャラB,ここにテキストが入ります,東京ドーム,32.66642047,112.4631742,https://www.yahoo.co.jp/,
2024/01/10,イベント,キャラC,,明治神宮野球場,32.65177555,112.3692338,,
2024/01/11,イベント,キャラB,ここにテキストが入ります,横浜スタジアム,32.63713063,112.2752933,https://www.google.com/,
2024/01/11,イベント,キャラA,,バンテリンドームナゴヤ,32.62248571,112.1813528,https://www.yahoo.co.jp/,https://www.google.com/
2024/01/12,イベント,キャラC,ここにテキストが入ります,京セラドーム大阪,32.60784079,112.0874123,https://www.yahoo.co.jp/,
2024/01/12,イベント,キャラC,,ほっともっとフィールド神戸,32.59319587,111.9934719,,
2024/01/13,イベント,キャラA,ここにテキストが入ります,阪神甲子園球場,32.57855096,111.8995314,https://www.google.com/,
2024/01/14,イベント,キャラB/キャラC,,MAZDA Zoom-Zoom スタジアム 広島,32.56390604,111.8055909,https://www.yahoo.co.jp/,https://www.google.com/
2024/01/15,イベント,キャラC,ここにテキストが入ります,福岡PayPayドーム,32.54926112,111.7116505,https://www.yahoo.co.jp/,
2024/01/15,イベント,キャラA,,ファイターズ鎌ヶ谷スタジアム,32.5346162,111.61771,,
2024/01/16,イベント,キャラA,ここにテキストが入ります,ヤクルト戸田球場,32.51997128,111.5237695,https://www.google.com/,
2024/01/16,イベント,キャラC,,横須賀スタジアム,32.50532636,111.4298291,https://www.yahoo.co.jp/,https://www.google.com/
2024/01/17,イベント,キャラB,ここにテキストが入ります,タマホームスタジアム筑後,32.49068144,111.3358886,https://www.yahoo.co.jp/,
2024/01/17,イベント,キャラA,,スタルヒン球場,32.47603652,111.2419481,,
2024/01/18,イベント,キャラC,ここにテキストが入ります,はるか夢球場,32.4613916,111.1480076,https://www.google.com/,
2024/01/18,イベント,キャラB,,きたぎんボールパーク,32.44674668,111.0540672,https://www.yahoo.co.jp/,https://www.google.com/
2024/01/19,イベント,キャラA/キャラC,ここにテキストが入ります,こまちスタジアム,32.43210177,110.9601267,https://www.yahoo.co.jp/,
2024/01/19,イベント,キャラB,,きらやかスタジアム,32.41745685,110.8661862,,
2024/01/20,イベント,キャラB,ここにテキストが入ります,楽天イーグルス利府球場,32.40281193,110.7722458,https://www.google.com/,
2024/01/20,イベント,キャラA,,牛久運動公園野球場,32.38816701,110.6783053,https://www.yahoo.co.jp/,https://www.google.com/
2024/01/21,イベント,キャラC,ここにテキストが入ります,TOKIWAスタジアム龍ケ崎,32.37352209,110.5843648,https://www.yahoo.co.jp/,
2024/01/22,イベント,キャラA/キャラB,,長良川球場,32.35887717,110.4904244,,
2024/01/22,イベント,キャラC,ここにテキストが入ります,長崎ビッグNスタジアム,32.34423225,110.3964839,https://www.google.com/,
2024/01/23,イベント,キャラB,,大分県別大興産スタジアム,32.32958733,110.3025434,https://www.yahoo.co.jp/,https://www.google.com/
2024/01/23,イベント,キャラA,ここにテキストが入ります,ES CON FIELD HOKKAIDO,32.31494241,110.2086029,https://www.yahoo.co.jp/,
2024/01/24,イベント,キャラC,,楽天モバイルパーク宮城,32.30029749,110.1146625,,
2024/01/24,イベント,キャラC,ここにテキストが入ります,ベルーナドーム,32.28565258,110.020722,https://www.google.com/,
2024/01/25,イベント,キャラA,,ZOZOマリンスタジアム,32.27100766,109.9267815,https://www.yahoo.co.jp/,https://www.google.com/
2024/01/26,イベント,キャラB/キャラC,ここにテキストが入ります,東京ドーム,32.25636274,109.8328411,https://www.yahoo.co.jp/,
2024/01/27,イベント,キャラC,,明治神宮野球場,32.24171782,109.7389006,,
2024/01/27,イベント,キャラA,ここにテキストが入ります,横浜スタジアム,32.2270729,109.6449601,https://www.google.com/,
2024/01/28,イベント,キャラA,,バンテリンドームナゴヤ,32.21242798,109.5510197,https://www.yahoo.co.jp/,https://www.google.com/
2024/01/28,イベント,キャラC,ここにテキストが入ります,京セラドーム大阪,32.19778306,109.4570792,https://www.yahoo.co.jp/,
2024/01/29,イベント,キャラB,,ほっともっとフィールド神戸,32.18313814,109.3631387,,
2024/01/29,イベント,キャラA,ここにテキストが入ります,阪神甲子園球場,32.16849322,109.2691982,https://www.google.com/,
2024/01/30,イベント,キャラC,,MAZDA Zoom-Zoom スタジアム 広島,32.1538483,109.1752578,https://www.yahoo.co.jp/,https://www.google.com/
2024/01/30,イベント,キャラB,ここにテキストが入ります,福岡PayPayドーム,32.13920339,109.0813173,https://www.yahoo.co.jp/,
2024/01/31,イベント,キャラA/キャラC,,ファイターズ鎌ヶ谷スタジアム,32.12455847,108.9873768,,
2024/01/31,イベント,キャラB,ここにテキストが入ります,ヤクルト戸田球場,32.10991355,108.8934364,https://www.google.com/,
2024/02/01,イベント,キャラB,,横須賀スタジアム,32.09526863,108.7994959,https://www.yahoo.co.jp/,https://www.google.com/
2024/02/01,イベント,キャラA,ここにテキストが入ります,タマホームスタジアム筑後,32.08062371,108.7055554,https://www.yahoo.co.jp/,
2024/02/02,イベント,キャラC,,スタルヒン球場,32.06597879,108.611615,,
2024/02/03,イベント,キャラA/キャラB,ここにテキストが入ります,はるか夢球場,32.05133387,108.5176745,https://www.google.com/,
2024/02/03,イベント,キャラC,,きたぎんボールパーク,32.03668895,108.423734,https://www.yahoo.co.jp/,https://www.google.com/
2024/02/04,イベント,キャラB,ここにテキストが入ります,こまちスタジアム,32.02204403,108.3297935,https://www.yahoo.co.jp/,
2024/02/04,イベント,キャラA,,きらやかスタジアム,32.00739911,108.2358531,,
2024/02/05,イベント,キャラC,ここにテキストが入ります,楽天イーグルス利府球場,31.9927542,108.1419126,https://www.google.com/,
2024/02/05,イベント,キャラC,,牛久運動公園野球場,31.97810928,108.0479721,https://www.yahoo.co.jp/,https://www.google.com/
2024/02/06,イベント,キャラA,ここにテキストが入ります,TOKIWAスタジアム龍ケ崎,31.96346436,107.9540317,https://www.yahoo.co.jp/,
2024/02/07,イベント,キャラB/キャラC,,長良川球場,31.94881944,107.8600912,,
2024/02/08,イベント,キャラC,ここにテキストが入ります,長崎ビッグNスタジアム,31.93417452,107.7661507,https://www.google.com/,
2024/02/08,イベント,キャラA,,大分県別大興産スタジアム,31.9195296,107.6722103,https://www.yahoo.co.jp/,https://www.google.com/
2024/02/09,イベント,キャラA,ここにテキストが入ります,ES CON FIELD HOKKAIDO,31.90488468,107.5782698,https://www.yahoo.co.jp/,
2024/02/09,イベント,キャラC,,楽天モバイルパーク宮城,31.89023976,107.4843293,,
2024/02/10,イベント,キャラB,ここにテキストが入ります,ベルーナドーム,31.87559484,107.3903889,https://www.google.com/,
2024/02/10,イベント,キャラA,,ZOZOマリンスタジアム,31.86094992,107.2964484,https://www.yahoo.co.jp/,https://www.google.com/
2024/02/11,イベント,キャラC,ここにテキストが入ります,東京ドーム,31.84630501,107.2025079,https://www.yahoo.co.jp/,
2024/02/11,イベント,キャラB,,明治神宮野球場,31.83166009,107.1085674,,
2024/02/12,イベント,キャラA/キャラC,ここにテキストが入ります,横浜スタジアム,31.81701517,107.014627,https://www.google.com/,
2024/02/12,イベント,キャラB,,バンテリンドームナゴヤ,31.80237025,106.9206865,https://www.yahoo.co.jp/,https://www.google.com/
2024/02/13,イベント,キャラB,ここにテキストが入ります,京セラドーム大阪,31.78772533,106.826746,https://www.yahoo.co.jp/,
2024/02/13,イベント,キャラA,,ほっともっとフィールド神戸,31.77308041,106.7328056,,
2024/02/14,イベント,キャラC,ここにテキストが入ります,阪神甲子園球場,31.75843549,106.6388651,https://www.google.com/,
2024/02/15,イベント,キャラA/キャラB,,MAZDA Zoom-Zoom スタジアム 広島,31.74379057,106.5449246,https://www.yahoo.co.jp/,https://www.google.com/
2024/02/15,イベント,キャラC,ここにテキストが入ります,福岡PayPayドーム,31.72914565,106.4509842,https://www.yahoo.co.jp/,
2024/02/16,イベント,キャラB,,ファイターズ鎌ヶ谷スタジアム,31.71450074,106.3570437,,
2024/02/16,イベント,キャラA,ここにテキストが入ります,ヤクルト戸田球場,31.69985582,106.2631032,https://www.google.com/,
2024/02/17,イベント,キャラC,,横須賀スタジアム,31.6852109,106.1691627,https://www.yahoo.co.jp/,https://www.google.com/
2024/02/17,イベント,キャラC,ここにテキストが入ります,タマホームスタジアム筑後,31.67056598,106.0752223,https://www.yahoo.co.jp/,
2024/02/18,イベント,キャラA,,スタルヒン球場,31.65592106,105.9812818,,
2024/02/19,イベント,キャラB/キャラC,ここにテキストが入ります,はるか夢球場,31.64127614,105.8873413,https://www.google.com/,
2024/02/20,イベント,キャラC,,きたぎんボールパーク,31.62663122,105.7934009,https://www.yahoo.co.jp/,https://www.google.com/
2024/02/20,イベント,キャラA,ここにテキストが入ります,こまちスタジアム,31.6119863,105.6994604,https://www.yahoo.co.jp/,
2024/02/21,イベント,キャラA,,きらやかスタジアム,31.59734138,105.6055199,,
2024/02/21,イベント,キャラC,ここにテキストが入ります,楽天イーグルス利府球場,31.58269646,105.5115795,https://www.google.com/,
2024/02/22,イベント,キャラB,,牛久運動公園野球場,31.56805155,105.417639,https://www.yahoo.co.jp/,https://www.google.com/
2024/02/22,イベント,キャラA,ここにテキストが入ります,TOKIWAスタジアム龍ケ崎,31.55340663,105.3236985,https://www.yahoo.co.jp/,
2024/02/23,イベント,キャラC,,長良川球場,31.53876171,105.229758,,
2024/02/23,イベント,キャラB,ここにテキストが入ります,長崎ビッグNスタジアム,31.52411679,105.1358176,https://www.google.com/,
2024/02/24,イベント,キャラA/キャラC,,大分県別大興産スタジアム,31.50947187,105.0418771,https://www.yahoo.co.jp/,https://www.google.com/
2024/02/24,イベント,キャラB,ここにテキストが入ります,ES CON FIELD HOKKAIDO,31.49482695,104.9479366,https://www.yahoo.co.jp/,
2024/02/25,イベント,キャラB,,楽天モバイルパーク宮城,31.48018203,104.8539962,,
2024/02/25,イベント,キャラA,ここにテキストが入ります,ベルーナドーム,31.46553711,104.7600557,https://www.google.com/,
2024/02/27,イベント,キャラA/キャラB,ここにテキストが入ります,東京ドーム,31.43624727,104.5721748,https://www.yahoo.co.jp/,
2024/02/27,イベント,キャラC,,明治神宮野球場,31.42160236,104.4782343,,
2024/02/28,イベント,キャラB,ここにテキストが入ります,横浜スタジアム,31.40695744,104.3842938,https://www.google.com/,
2024/02/28,イベント,キャラA,,バンテリンドームナゴヤ,31.39231252,104.2903533,https://www.yahoo.co.jp/,https://www.google.com/
2024/02/29,イベント,キャラC,ここにテキストが入ります,京セラドーム大阪,31.3776676,104.1964129,https://www.yahoo.co.jp/,
2024/02/29,イベント,キャラC,,ほっともっとフィールド神戸,31.36302268,104.1024724,,
2024/03/01,イベント,キャラA,ここにテキストが入ります,阪神甲子園球場,31.34837776,104.0085319,https://www.google.com/,
2024/03/02,イベント,キャラB/キャラC,,MAZDA Zoom-Zoom スタジアム 広島,31.33373284,103.9145915,https://www.yahoo.co.jp/,https://www.google.com/
2024/03/03,イベント,キャラC,ここにテキストが入ります,福岡PayPayドーム,31.31908792,103.820651,https://www.yahoo.co.jp/,
2024/03/03,イベント,キャラA,,ファイターズ鎌ヶ谷スタジアム,31.304443,103.7267105,,
2024/03/04,イベント,キャラA,ここにテキストが入ります,ヤクルト戸田球場,31.28979808,103.6327701,https://www.google.com/,
2024/03/04,イベント,キャラC,,横須賀スタジアム,31.27515317,103.5388296,https://www.yahoo.co.jp/,https://www.google.com/
2024/03/05,イベント,キャラB,ここにテキストが入ります,タマホームスタジアム筑後,31.26050825,103.4448891,https://www.yahoo.co.jp/,
2024/03/05,イベント,キャラA,,スタルヒン球場,31.24586333,103.3509486,,
2024/03/06,イベント,キャラC,ここにテキストが入ります,はるか夢球場,31.23121841,103.2570082,https://www.google.com/,
2024/03/06,イベント,キャラB,,きたぎんボールパーク,31.21657349,103.1630677,https://www.yahoo.co.jp/,https://www.google.com/
2024/03/07,イベント,キャラA/キャラC,ここにテキストが入ります,こまちスタジアム,31.20192857,103.0691272,https://www.yahoo.co.jp/,
2024/03/07,イベント,キャラB,,きらやかスタジアム,31.18728365,102.9751868,,
2024/03/08,イベント,キャラB,ここにテキストが入ります,楽天イーグルス利府球場,31.17263873,102.8812463,https://www.google.com/,
2024/03/08,イベント,キャラA,,牛久運動公園野球場,31.15799381,102.7873058,https://www.yahoo.co.jp/,https://www.google.com/
2024/03/09,イベント,キャラC,ここにテキストが入ります,TOKIWAスタジアム龍ケ崎,31.14334889,102.6933654,https://www.yahoo.co.jp/,
2024/03/10,イベント,キャラA/キャラB,,長良川球場,31.12870398,102.5994249,,
2024/03/10,イベント,キャラC,ここにテキストが入ります,長崎ビッグNスタジアム,31.11405906,102.5054844,https://www.google.com/,
2024/03/11,イベント,キャラB,,大分県別大興産スタジアム,31.09941414,102.4115439,https://www.yahoo.co.jp/,https://www.google.com/
2024/03/11,イベント,キャラA,ここにテキストが入ります,ES CON FIELD HOKKAIDO,31.08476922,102.3176035,https://www.yahoo.co.jp/,
2024/03/12,イベント,キャラC,,楽天モバイルパーク宮城,31.0701243,102.223663,,
2024/03/12,イベント,キャラC,ここにテキストが入ります,ベルーナドーム,31.05547938,102.1297225,https://www.google.com/,
2024/03/14,イベント,キャラB/キャラC,ここにテキストが入ります,東京ドーム,31.02618954,101.9418416,https://www.yahoo.co.jp/,
2024/03/15,イベント,キャラC,,明治神宮野球場,31.01154462,101.8479011,,
2024/03/15,イベント,キャラA,ここにテキストが入ります,横浜スタジアム,30.9968997,101.7539607,https://www.google.com/,
2024/03/16,イベント,キャラA,,バンテリンドームナゴヤ,30.98225479,101.6600202,https://www.yahoo.co.jp/,https://www.google.com/
2024/03/16,イベント,キャラC,ここにテキストが入ります,京セラドーム大阪,30.96760987,101.5660797,https://www.yahoo.co.jp/,
2024/03/17,イベント,キャラB,,ほっともっとフィールド神戸,30.95296495,101.4721392,,
2024/03/17,イベント,キャラA,ここにテキストが入ります,阪神甲子園球場,30.93832003,101.3781988,https://www.google.com/,
2024/03/18,イベント,キャラC,,MAZDA Zoom-Zoom スタジアム 広島,30.92367511,101.2842583,https://www.yahoo.co.jp/,https://www.google.com/
2024/03/18,イベント,キャラB,ここにテキストが入ります,福岡PayPayドーム,30.90903019,101.1903178,https://www.yahoo.co.jp/,
2024/03/19,イベント,キャラA/キャラC,,ファイターズ鎌ヶ谷スタジアム,30.89438527,101.0963774,,
2024/03/19,イベント,キャラB,ここにテキストが入ります,ヤクルト戸田球場,30.87974035,101.0024369,https://www.google.com/,
2024/03/20,イベント,キャラB,,横須賀スタジアム,30.86509543,100.9084964,https://www.yahoo.co.jp/,https://www.google.com/
2024/03/20,イベント,キャラA,ここにテキストが入ります,タマホームスタジアム筑後,30.85045051,100.814556,https://www.yahoo.co.jp/,
2024/03/21,イベント,キャラC,,スタルヒン球場,30.8358056,100.7206155,,
2024/03/22,イベント,キャラA/キャラB,ここにテキストが入ります,はるか夢球場,30.82116068,100.626675,https://www.google.com/,
2024/03/22,イベント,キャラC,,きたぎんボールパーク,30.80651576,100.5327346,https://www.yahoo.co.jp/,https://www.google.com/
2024/03/23,イベント,キャラB,ここにテキストが入ります,こまちスタジアム,30.79187084,100.4387941,https://www.yahoo.co.jp/,
2024/03/23,イベント,キャラA,,きらやかスタジアム,30.77722592,100.3448536,,
2024/03/24,イベント,キャラC,ここにテキストが入ります,楽天イーグルス利府球場,30.762581,100.2509131,https://www.google.com/,
2024/03/24,イベント,キャラC,,牛久運動公園野球場,30.74793608,100.1569727,https://www.yahoo.co.jp/,https://www.google.com/
2024/03/25,イベント,キャラA,ここにテキストが入ります,TOKIWAスタジアム龍ケ崎,30.73329116,100.0630322,https://www.yahoo.co.jp/,
2024/03/26,イベント,キャラB/キャラC,,長良川球場,30.71864624,99.96909173,,
2024/03/27,イベント,キャラC,ここにテキストが入ります,長崎ビッグNスタジアム,30.70400132,99.87515126,https://www.google.com/,
2024/03/27,イベント,キャラA,,大分県別大興産スタジアム,30.68935641,99.78121079,https://www.yahoo.co.jp/,https://www.google.com/
2024/03/28,イベント,キャラA,ここにテキストが入ります,ES CON FIELD HOKKAIDO,30.67471149,99.68727032,https://www.yahoo.co.jp/,
2024/03/28,イベント,キャラC,,楽天モバイルパーク宮城,30.66006657,99.59332985,,
2024/03/29,イベント,キャラB,ここにテキストが入ります,ベルーナドーム,30.64542165,99.49938938,https://www.google.com/,
2024/03/29,イベント,キャラA,,ZOZOマリンスタジアム,30.63077673,99.40544891,https://www.yahoo.co.jp/,https://www.google.com/
2024/03/30,イベント,キャラC,ここにテキストが入ります,東京ドーム,30.61613181,99.31150844,https://www.yahoo.co.jp/,
2024/03/30,イベント,キャラB,,明治神宮野球場,30.60148689,99.21756797,,
2024/03/31,イベント,キャラA/キャラC,ここにテキストが入ります,横浜スタジアム,30.58684197,99.1236275,https://www.google.com/,
2024/03/31,イベント,キャラB,,バンテリンドームナゴヤ,30.57219705,99.02968703,https://www.yahoo.co.jp/,https://www.google.com/
2024/04/01,イベント,キャラB,ここにテキストが入ります,京セラドーム大阪,30.55755214,98.93574656,https://www.yahoo.co.jp/,
2024/04/01,イベント,キャラA,,ほっともっとフィールド神戸,30.54290722,98.84180609,,
2024/04/02,イベント,キャラC,ここにテキストが入ります,阪神甲子園球場,30.5282623,98.74786562,https://www.google.com/,
2024/04/03,イベント,キャラA/キャラB,,MAZDA Zoom-Zoom スタジアム 広島,30.51361738,98.65392515,https://www.yahoo.co.jp/,https://www.google.com/
2024/04/03,イベント,キャラC,ここにテキストが入ります,福岡PayPayドーム,30.49897246,98.55998468,https://www.yahoo.co.jp/,
2024/04/04,イベント,キャラB,,ファイターズ鎌ヶ谷スタジアム,30.48432754,98.46604421,,
2024/04/04,イベント,キャラA,ここにテキストが入ります,ヤクルト戸田球場,30.46968262,98.37210374,https://www.google.com/,
2024/04/05,イベント,キャラC,,横須賀スタジアム,30.4550377,98.27816327,https://www.yahoo.co.jp/,https://www.google.com/
2024/04/05,イベント,キャラC,ここにテキストが入ります,タマホームスタジアム筑後,30.44039278,98.1842228,https://www.yahoo.co.jp/,
2024/04/06,イベント,キャラA,,スタルヒン球場,30.42574786,98.09028233,,
2024/04/07,イベント,キャラB/キャラC,ここにテキストが入ります,はるか夢球場,30.41110295,97.99634186,https://www.google.com/,
2024/04/08,イベント,キャラC,,きたぎんボールパーク,30.39645803,97.90240139,https://www.yahoo.co.jp/,https://www.google.com/
2024/04/08,イベント,キャラA,ここにテキストが入ります,こまちスタジアム,30.38181311,97.80846092,https://www.yahoo.co.jp/,
2024/04/09,イベント,キャラA,,きらやかスタジアム,30.36716819,97.71452045,,
2024/04/09,イベント,キャラC,ここにテキストが入ります,楽天イーグルス利府球場,30.35252327,97.62057998,https://www.google.com/,
2024/04/10,イベント,キャラB,,牛久運動公園野球場,30.33787835,97.52663951,https://www.yahoo.co.jp/,https://www.google.com/
2024/04/10,イベント,キャラA,ここにテキストが入ります,TOKIWAスタジアム龍ケ崎,30.32323343,97.43269904,https://www.yahoo.co.jp/,
2024/04/11,イベント,キャラC,,長良川球場,30.30858851,97.33875857,,
2024/04/11,イベント,キャラB,ここにテキストが入ります,長崎ビッグNスタジアム,30.29394359,97.2448181,https://www.google.com/,
2024/04/12,イベント,キャラA/キャラC,,大分県別大興産スタジアム,30.27929867,97.15087763,https://www.yahoo.co.jp/,https://www.google.com/
2024/04/12,イベント,キャラB,ここにテキストが入ります,ES CON FIELD HOKKAIDO,30.26465376,97.05693716,https://www.yahoo.co.jp/,
2024/04/13,イベント,キャラB,,楽天モバイルパーク宮城,30.25000884,96.9629967,,
2024/04/13,イベント,キャラA,ここにテキストが入ります,ベルーナドーム,30.23536392,96.86905623,https://www.google.com/,
2024/04/14,イベント,キャラC,,ZOZOマリンスタジアム,30.220719,96.77511576,https://www.yahoo.co.jp/,https://www.google.com/
2024/04/15,イベント,キャラA/キャラB,ここにテキストが入ります,東京ドーム,30.20607408,96.68117529,https://www.yahoo.co.jp/,
2024/04/15,イベント,キャラC,,明治神宮野球場,30.19142916,96.58723482,,
2024/04/16,イベント,キャラB,ここにテキストが入ります,横浜スタジアム,30.17678424,96.49329435,https://www.google.com/,
2024/04/16,イベント,キャラA,,バンテリンドームナゴヤ,30.16213932,96.39935388,https://www.yahoo.co.jp/,https://www.google.com/
2024/04/17,イベント,キャラC,ここにテキストが入ります,京セラドーム大阪,30.1474944,96.30541341,https://www.yahoo.co.jp/,
2024/04/17,イベント,キャラC,,ほっともっとフィールド神戸,30.13284948,96.21147294,,
2024/04/18,イベント,キャラA,ここにテキストが入ります,阪神甲子園球場,30.11820457,96.11753247,https://www.google.com/,
2024/04/20,イベント,キャラC,ここにテキストが入ります,福岡PayPayドーム,30.08891473,95.92965153,https://www.yahoo.co.jp/,
2024/04/20,イベント,キャラA,,ファイターズ鎌ヶ谷スタジアム,30.07426981,95.83571106,,
2024/04/21,イベント,キャラA,ここにテキストが入ります,ヤクルト戸田球場,30.05962489,95.74177059,https://www.google.com/,
2024/04/21,イベント,キャラC,,横須賀スタジアム,30.04497997,95.64783012,https://www.yahoo.co.jp/,https://www.google.com/
2024/04/22,イベント,キャラB,ここにテキストが入ります,タマホームスタジアム筑後,30.03033505,95.55388965,https://www.yahoo.co.jp/,
2024/04/22,イベント,キャラA,,スタルヒン球場,30.01569013,95.45994918,,
2024/04/23,イベント,キャラC,ここにテキストが入ります,はるか夢球場,30.00104521,95.36600871,https://www.google.com/,
2024/04/23,イベント,キャラB,,きたぎんボールパーク,29.98640029,95.27206824,https://www.yahoo.co.jp/,https://www.google.com/
2024/04/24,イベント,キャラA/キャラC,ここにテキストが入ります,こまちスタジアム,29.97175538,95.17812777,https://www.yahoo.co.jp/,
2024/04/24,イベント,キャラB,,きらやかスタジアム,29.95711046,95.0841873,,
2024/04/25,イベント,キャラB,ここにテキストが入ります,楽天イーグルス利府球場,29.94246554,94.99024683,https://www.google.com/,
2024/04/25,イベント,キャラA,,牛久運動公園野球場,29.92782062,94.89630636,https://www.yahoo.co.jp/,https://www.google.com/
2024/04/26,イベント,キャラC,ここにテキストが入ります,TOKIWAスタジアム龍ケ崎,29.9131757,94.80236589,https://www.yahoo.co.jp/,
2024/04/27,イベント,キャラA/キャラB,,長良川球場,29.89853078,94.70842542,,
2024/04/27,イベント,キャラC,ここにテキストが入ります,長崎ビッグNスタジアム,29.88388586,94.61448495,https://www.google.com/,
2024/04/28,イベント,キャラB,,大分県別大興産スタジアム,29.86924094,94.52054448,https://www.yahoo.co.jp/,https://www.google.com/
2024/04/28,イベント,キャラA,ここにテキストが入ります,ES CON FIELD HOKKAIDO,29.85459602,94.42660401,https://www.yahoo.co.jp/,
2024/04/29,イベント,キャラC,,楽天モバイルパーク宮城,29.8399511,94.33266354,,
2024/04/29,イベント,キャラC,ここにテキストが入ります,ベルーナドーム,29.82530619,94.23872307,https://www.google.com/,
2024/04/30,イベント,キャラA,,ZOZOマリンスタジアム,29.81066127,94.1447826,https://www.yahoo.co.jp/,https://www.google.com/
2024/05/01,イベント,キャラB/キャラC,ここにテキストが入ります,東京ドーム,29.79601635,94.05084213,https://www.yahoo.co.jp/,
2024/05/02,イベント,キャラC,,明治神宮野球場,29.78137143,93.95690166,,
2024/05/02,イベント,キャラA,ここにテキストが入ります,横浜スタジアム,29.76672651,93.86296119,https://www.google.com/,
2024/05/03,イベント,キャラA,,バンテリンドームナゴヤ,29.75208159,93.76902072,https://www.yahoo.co.jp/,https://www.google.com/
2024/05/03,イベント,キャラC,ここにテキストが入ります,京セラドーム大阪,29.73743667,93.67508025,https://www.yahoo.co.jp/,
2024/05/04,イベント,キャラB,,ほっともっとフィールド神戸,29.72279175,93.58113978,,
2024/05/04,イベント,キャラA,ここにテキストが入ります,阪神甲子園球場,29.70814683,93.48719931,https://www.google.com/,
2024/05/05,イベント,キャラC,,MAZDA Zoom-Zoom スタジアム 広島,29.69350191,93.39325884,https://www.yahoo.co.jp/,https://www.google.com/
2024/05/05,イベント,キャラB,ここにテキストが入ります,福岡PayPayドーム,29.678857,93.29931837,https://www.yahoo.co.jp/,
2024/05/06,イベント,キャラA/キャラC,,ファイターズ鎌ヶ谷スタジアム,29.66421208,93.2053779,,
2024/05/06,イベント,キャラB,ここにテキストが入ります,ヤクルト戸田球場,29.64956716,93.11143743,https://www.google.com/,
2024/05/07,イベント,キャラB,,横須賀スタジアム,29.63492224,93.01749696,https://www.yahoo.co.jp/,https://www.google.com/
2024/05/07,イベント,キャラA,ここにテキストが入ります,タマホームスタジアム筑後,29.62027732,92.92355649,https://www.yahoo.co.jp/,
2024/05/08,イベント,キャラC,,スタルヒン球場,29.6056324,92.82961602,,
2024/05/09,イベント,キャラA/キャラB,ここにテキストが入ります,はるか夢球場,29.59098748,92.73567555,https://www.google.com/,
2024/05/09,イベント,キャラC,,きたぎんボールパーク,29.57634256,92.64173508,https://www.yahoo.co.jp/,https://www.google.com/
2024/05/10,イベント,キャラB,ここにテキストが入ります,こまちスタジアム,29.56169764,92.54779461,https://www.yahoo.co.jp/,
2024/05/10,イベント,キャラA,,きらやかスタジアム,29.54705273,92.45385414,,
2024/05/11,イベント,キャラC,ここにテキストが入ります,楽天イーグルス利府球場,29.53240781,92.35991367,https://www.google.com/,
2024/05/11,イベント,キャラC,,牛久運動公園野球場,29.51776289,92.2659732,https://www.yahoo.co.jp/,https://www.google.com/
2024/05/12,イベント,キャラA,ここにテキストが入ります,TOKIWAスタジアム龍ケ崎,29.50311797,92.17203273,https://www.yahoo.co.jp/,
2024/05/13,イベント,キャラB/キャラC,,長良川球場,29.48847305,92.07809226,,
2024/05/14,イベント,キャラC,ここにテキストが入ります,長崎ビッグNスタジアム,29.47382813,91.98415179,https://www.google.com/,
2024/05/14,イベント,キャラA,,大分県別大興産スタジアム,29.45918321,91.89021132,https://www.yahoo.co.jp/,https://www.google.com/
2024/05/15,イベント,キャラA,ここにテキストが入ります,ES CON FIELD HOKKAIDO,29.44453829,91.79627085,https://www.yahoo.co.jp/,
2024/05/15,イベント,キャラC,,楽天モバイルパーク宮城,29.42989337,91.70233038,,
2024/05/16,イベント,キャラB,ここにテキストが入ります,ベルーナドーム,29.41524845,91.60838991,https://www.google.com/,
2024/05/16,イベント,キャラA,,ZOZOマリンスタジアム,29.40060354,91.51444944,https://www.yahoo.co.jp/,https://www.google.com/
2024/05/17,イベント,キャラC,ここにテキストが入ります,東京ドーム,29.38595862,91.42050897,https://www.yahoo.co.jp/,
2024/05/17,イベント,キャラB,,明治神宮野球場,29.3713137,91.3265685,,
2024/05/18,イベント,キャラA/キャラC,ここにテキストが入ります,横浜スタジアム,29.35666878,91.23262803,https://www.google.com/,
2024/05/18,イベント,キャラB,,バンテリンドームナゴヤ,29.34202386,91.13868756,https://www.yahoo.co.jp/,https://www.google.com/
2024/05/19,イベント,キャラB,ここにテキストが入ります,京セラドーム大阪,29.32737894,91.04474709,https://www.yahoo.co.jp/,
2024/05/19,イベント,キャラA,,ほっともっとフィールド神戸,29.31273402,90.95080662,,
2024/05/20,イベント,キャラC,ここにテキストが入ります,阪神甲子園球場,29.2980891,90.85686615,https://www.google.com/,
2024/05/21,イベント,キャラA/キャラB,,MAZDA Zoom-Zoom スタジアム 広島,29.28344418,90.76292568,https://www.yahoo.co.jp/,https://www.google.com/
2024/05/21,イベント,キャラC,ここにテキストが入ります,福岡PayPayドーム,29.26879926,90.66898521,https://www.yahoo.co.jp/,
2024/05/22,イベント,キャラB,,ファイターズ鎌ヶ谷スタジアム,29.25415435,90.57504474,,
2024/05/22,イベント,キャラA,ここにテキストが入ります,ヤクルト戸田球場,29.23950943,90.48110427,https://www.google.com/,
2024/05/23,イベント,キャラC,,横須賀スタジアム,29.22486451,90.3871638,https://www.yahoo.co.jp/,https://www.google.com/
2024/05/23,イベント,キャラC,ここにテキストが入ります,タマホームスタジアム筑後,29.21021959,90.29322333,https://www.yahoo.co.jp/,
2024/05/24,イベント,キャラA,,スタルヒン球場,29.19557467,90.19928286,,
2024/05/26,イベント,キャラC,,きたぎんボールパーク,29.16628483,90.01140192,https://www.yahoo.co.jp/,https://www.google.com/
2024/05/26,イベント,キャラA,ここにテキストが入ります,こまちスタジアム,29.15163991,89.91746145,https://www.yahoo.co.jp/,
2024/05/27,イベント,キャラA,,きらやかスタジアム,29.13699499,89.82352098,,
2024/05/27,イベント,キャラC,ここにテキストが入ります,楽天イーグルス利府球場,29.12235007,89.72958051,https://www.google.com/,
2024/05/28,イベント,キャラB,,牛久運動公園野球場,29.10770516,89.63564005,https://www.yahoo.co.jp/,https://www.google.com/
2024/05/28,イベント,キャラA,ここにテキストが入ります,TOKIWAスタジアム龍ケ崎,29.09306024,89.54169958,https://www.yahoo.co.jp/,
2024/05/29,イベント,キャラC,,長良川球場,29.07841532,89.44775911,,
2024/05/29,イベント,キャラB,ここにテキストが入ります,長崎ビッグNスタジアム,29.0637704,89.35381864,https://www.google.com/,
2024/05/30,イベント,キャラA/キャラC,,大分県別大興産スタジアム,29.04912548,89.25987817,https://www.yahoo.co.jp/,https://www.google.com/
2024/05/30,イベント,キャラB,ここにテキストが入ります,ES CON FIELD HOKKAIDO,29.03448056,89.1659377,https://www.yahoo.co.jp/,
2024/05/31,イベント,キャラB,,楽天モバイルパーク宮城,29.01983564,89.07199723,,
2024/05/31,イベント,キャラA,ここにテキストが入ります,ベルーナドーム,29.00519072,88.97805676,https://www.google.com/,
2024/06/02,イベント,キャラA/キャラB,ここにテキストが入ります,東京ドーム,28.97590088,88.79017582,https://www.yahoo.co.jp/,
2024/06/02,イベント,キャラC,,明治神宮野球場,28.96125597,88.69623535,,
2024/06/03,イベント,キャラB,ここにテキストが入ります,横浜スタジアム,28.94661105,88.60229488,https://www.google.com/,
2024/06/03,イベント,キャラA,,バンテリンドームナゴヤ,28.93196613,88.50835441,https://www.yahoo.co.jp/,https://www.google.com/
2024/06/04,イベント,キャラC,ここにテキストが入ります,京セラドーム大阪,28.91732121,88.41441394,https://www.yahoo.co.jp/,
2024/06/04,イベント,キャラC,,ほっともっとフィールド神戸,28.90267629,88.32047347,,
2024/06/05,イベント,キャラA,ここにテキストが入ります,阪神甲子園球場,28.88803137,88.226533,https://www.google.com/,
2024/06/06,イベント,キャラB/キャラC,,MAZDA Zoom-Zoom スタジアム 広島,28.87338645,88.13259253,https://www.yahoo.co.jp/,https://www.google.com/
2024/06/07,イベント,キャラC,ここにテキストが入ります,福岡PayPayドーム,28.85874153,88.03865206,https://www.yahoo.co.jp/,
2024/06/07,イベント,キャラA,,ファイターズ鎌ヶ谷スタジアム,28.84409661,87.94471159,,
2024/06/08,イベント,キャラA,ここにテキストが入ります,ヤクルト戸田球場,28.82945169,87.85077112,https://www.google.com/,
2024/06/08,イベント,キャラC,,横須賀スタジアム,28.81480678,87.75683065,https://www.yahoo.co.jp/,https://www.google.com/
2024/06/09,イベント,キャラB,ここにテキストが入ります,タマホームスタジアム筑後,28.80016186,87.66289018,https://www.yahoo.co.jp/,
2024/06/09,イベント,キャラA,,スタルヒン球場,28.78551694,87.56894971,,
2024/06/10,イベント,キャラC,ここにテキストが入ります,はるか夢球場,28.77087202,87.47500924,https://www.google.com/,
2024/06/10,イベント,キャラB,,きたぎんボールパーク,28.7562271,87.38106877,https://www.yahoo.co.jp/,https://www.google.com/
2024/06/11,イベント,キャラA/キャラC,ここにテキストが入ります,こまちスタジアム,28.74158218,87.2871283,https://www.yahoo.co.jp/,
2024/06/11,イベント,キャラB,,きらやかスタジアム,28.72693726,87.19318783,,
2024/06/12,イベント,キャラB,ここにテキストが入ります,楽天イーグルス利府球場,28.71229234,87.09924736,https://www.google.com/,
2024/06/12,イベント,キャラA,,牛久運動公園野球場,28.69764742,87.00530689,https://www.yahoo.co.jp/,https://www.google.com/
2024/06/13,イベント,キャラC,ここにテキストが入ります,TOKIWAスタジアム龍ケ崎,28.6830025,86.91136642,https://www.yahoo.co.jp/,
2024/06/14,イベント,キャラA/キャラB,,長良川球場,28.66835759,86.81742595,,
2024/06/14,イベント,キャラC,ここにテキストが入ります,長崎ビッグNスタジアム,28.65371267,86.72348548,https://www.google.com/,
2024/06/15,イベント,キャラB,,大分県別大興産スタジアム,28.63906775,86.62954501,https://www.yahoo.co.jp/,https://www.google.com/
2024/06/15,イベント,キャラA,ここにテキストが入ります,ES CON FIELD HOKKAIDO,28.62442283,86.53560454,https://www.yahoo.co.jp/,
2024/06/16,イベント,キャラC,,楽天モバイルパーク宮城,28.60977791,86.44166407,,
2024/06/16,イベント,キャラC,ここにテキストが入ります,ベルーナドーム,28.59513299,86.3477236,https://www.google.com/,
2024/06/17,イベント,キャラA,,ZOZOマリンスタジアム,28.58048807,86.25378313,https://www.yahoo.co.jp/,https://www.google.com/
2024/06/18,イベント,キャラB/キャラC,ここにテキストが入ります,東京ドーム,28.56584315,86.15984266,https://www.yahoo.co.jp/,
2024/06/19,イベント,キャラC,,明治神宮野球場,28.55119823,86.06590219,,
2024/06/19,イベント,キャラA,ここにテキストが入ります,横浜スタジアム,28.53655332,85.97196172,https://www.google.com/,
2024/06/20,イベント,キャラA,,バンテリンドームナゴヤ,28.5219084,85.87802125,https://www.yahoo.co.jp/,https://www.google.com/
2024/06/20,イベント,キャラC,ここにテキストが入ります,京セラドーム大阪,28.50726348,85.78408078,https://www.yahoo.co.jp/,
2024/06/21,イベント,キャラB,,ほっともっとフィールド神戸,28.49261856,85.69014031,,
2024/06/21,イベント,キャラA,ここにテキストが入ります,阪神甲子園球場,28.47797364,85.59619984,https://www.google.com/,
2024/06/22,イベント,キャラC,,MAZDA Zoom-Zoom スタジアム 広島,28.46332872,85.50225937,https://www.yahoo.co.jp/,https://www.google.com/
2024/06/22,イベント,キャラB,ここにテキストが入ります,福岡PayPayドーム,28.4486838,85.4083189,https://www.yahoo.co.jp/,
2024/06/23,イベント,キャラA/キャラC,,ファイターズ鎌ヶ谷スタジアム,28.43403888,85.31437843,,
2024/06/23,イベント,キャラB,ここにテキストが入ります,ヤクルト戸田球場,28.41939396,85.22043796,https://www.google.com/,
2024/06/24,イベント,キャラB,,横須賀スタジアム,28.40474904,85.12649749,https://www.yahoo.co.jp/,https://www.google.com/
2024/06/24,イベント,キャラA,ここにテキストが入ります,タマホームスタジアム筑後,28.39010413,85.03255702,https://www.yahoo.co.jp/,
2024/06/25,イベント,キャラC,,スタルヒン球場,28.37545921,84.93861655,,
2024/06/26,イベント,キャラA/キャラB,ここにテキストが入ります,はるか夢球場,28.36081429,84.84467608,https://www.google.com/,
2024/06/26,イベント,キャラC,,きたぎんボールパーク,28.34616937,84.75073561,https://www.yahoo.co.jp/,https://www.google.com/
2024/06/27,イベント,キャラB,ここにテキストが入ります,こまちスタジアム,28.33152445,84.65679514,https://www.yahoo.co.jp/,
2024/06/27,イベント,キャラA,,きらやかスタジアム,28.31687953,84.56285467,,
2024/06/28,イベント,キャラC,ここにテキストが入ります,楽天イーグルス利府球場,28.30223461,84.4689142,https://www.google.com/,
2024/06/28,イベント,キャラC,,牛久運動公園野球場,28.28758969,84.37497373,https://www.yahoo.co.jp/,https://www.google.com/
2024/06/29,イベント,キャラA,ここにテキストが入ります,TOKIWAスタジアム龍ケ崎,28.27294477,84.28103326,https://www.yahoo.co.jp/,
2024/06/30,イベント,キャラB/キャラC,,長良川球場,28.25829985,84.18709279,,
2024/07/01,イベント,キャラC,ここにテキストが入ります,長崎ビッグNスタジアム,28.24365494,84.09315232,https://www.google.com/,
2024/07/01,イベント,キャラA,,大分県別大興産スタジアム,28.22901002,83.99921185,https://www.yahoo.co.jp/,https://www.google.com/
2024/07/02,イベント,キャラA,ここにテキストが入ります,ES CON FIELD HOKKAIDO,28.2143651,83.90527138,https://www.yahoo.co.jp/,
2024/07/02,イベント,キャラC,,楽天モバイルパーク宮城,28.19972018,83.81133091,,
2024/07/03,イベント,キャラB,ここにテキストが入ります,ベルーナドーム,28.18507526,83.71739044,https://www.google.com/,
2024/07/03,イベント,キャラA,,ZOZOマリンスタジアム,28.17043034,83.62344997,https://www.yahoo.co.jp/,https://www.google.com/
2024/07/04,イベント,キャラC,ここにテキストが入ります,東京ドーム,28.15578542,83.5295095,https://www.yahoo.co.jp/,
2024/07/04,イベント,キャラB,,明治神宮野球場,28.1411405,83.43556903,,
2024/07/05,イベント,キャラA/キャラC,ここにテキストが入ります,横浜スタジアム,28.12649558,83.34162856,https://www.google.com/,
2024/07/05,イベント,キャラB,,バンテリンドームナゴヤ,28.11185066,83.24768809,https://www.yahoo.co.jp/,https://www.google.com/
2024/07/06,イベント,キャラB,ここにテキストが入ります,京セラドーム大阪,28.09720575,83.15374762,https://www.yahoo.co.jp/,
2024/07/06,イベント,キャラA,,ほっともっとフィールド神戸,28.08256083,83.05980715,,
2024/07/07,イベント,キャラC,ここにテキストが入ります,阪神甲子園球場,28.06791591,82.96586668,https://www.google.com/,
2024/07/08,イベント,キャラA/キャラB,,MAZDA Zoom-Zoom スタジアム 広島,28.05327099,82.87192621,https://www.yahoo.co.jp/,https://www.google.com/
2024/07/08,イベント,キャラC,ここにテキストが入ります,福岡PayPayドーム,28.03862607,82.77798574,https://www.yahoo.co.jp/,
2024/07/09,イベント,キャラB,,ファイターズ鎌ヶ谷スタジアム,28.02398115,82.68404527,,
2024/07/09,イベント,キャラA,ここにテキストが入ります,ヤクルト戸田球場,28.00933623,82.5901048,https://www.google.com/,
2024/07/10,イベント,キャラC,,横須賀スタジアム,27.99469131,82.49616433,https://www.yahoo.co.jp/,https://www.google.com/
2024/07/10,イベント,キャラC,ここにテキストが入ります,タマホームスタジアム筑後,27.98004639,82.40222387,https://www.yahoo.co.jp/,
2024/07/11,イベント,キャラA,,スタルヒン球場,27.96540147,82.3082834,,
2024/07/12,イベント,キャラB/キャラC,ここにテキストが入ります,はるか夢球場,27.95075656,82.21434293,https://www.google.com/,
2024/07/13,イベント,キャラC,,きたぎんボールパーク,27.93611164,82.12040246,https://www.yahoo.co.jp/,https://www.google.com/
2024/07/13,イベント,キャラA,ここにテキストが入ります,こまちスタジアム,27.92146672,82.02646199,https://www.yahoo.co.jp/,
2024/07/14,イベント,キャラA,,きらやかスタジアム,27.9068218,81.93252152,,
2024/07/14,イベント,キャラC,ここにテキストが入ります,楽天イーグルス利府球場,27.89217688,81.83858105,https://www.google.com/,
2024/07/15,イベント,キャラB,,牛久運動公園野球場,27.87753196,81.74464058,https://www.yahoo.co.jp/,https://www.google.com/
2024/07/15,イベント,キャラA,ここにテキストが入ります,TOKIWAスタジアム龍ケ崎,27.86288704,81.65070011,https://www.yahoo.co.jp/,
2024/07/16,イベント,キャラC,,長良川球場,27.84824212,81.55675964,,
2024/07/16,イベント,キャラB,ここにテキストが入ります,長崎ビッグNスタジアム,27.8335972,81.46281917,https://www.google.com/,
2024/07/17,イベント,キャラA/キャラC,,大分県別大興産スタジアム,27.81895228,81.3688787,https://www.yahoo.co.jp/,https://www.google.com/
2024/07/17,イベント,キャラB,ここにテキストが入ります,ES CON FIELD HOKKAIDO,27.80430737,81.27493823,https://www.yahoo.co.jp/,
2024/07/18,イベント,キャラB,,楽天モバイルパーク宮城,27.78966245,81.18099776,,
2024/07/18,イベント,キャラA,ここにテキストが入ります,ベルーナドーム,27.77501753,81.08705729,https://www.google.com/,
2024/07/19,イベント,キャラC,,ZOZOマリンスタジアム,27.76037261,80.99311682,https://www.yahoo.co.jp/,https://www.google.com/
2024/07/20,イベント,キャラA/キャラB,ここにテキストが入ります,東京ドーム,27.74572769,80.89917635,https://www.yahoo.co.jp/,
2024/07/20,イベント,キャラC,,明治神宮野球場,27.73108277,80.80523588,,
2024/07/21,イベント,キャラB,ここにテキストが入ります,横浜スタジアム,27.71643785,80.71129541,https://www.google.com/,
2024/07/21,イベント,キャラA,,バンテリンドームナゴヤ,27.70179293,80.61735494,https://www.yahoo.co.jp/,https://www.google.com/
2024/07/22,イベント,キャラC,ここにテキストが入ります,京セラドーム大阪,27.68714801,80.52341447,https://www.yahoo.co.jp/,
2024/07/22,イベント,キャラC,,ほっともっとフィールド神戸,27.67250309,80.429474,,
2024/07/23,イベント,キャラA,ここにテキストが入ります,阪神甲子園球場,27.65785818,80.33553353,https://www.google.com/,
2024/07/24,イベント,キャラB/キャラC,,MAZDA Zoom-Zoom スタジアム 広島,27.64321326,80.24159306,https://www.yahoo.co.jp/,https://www.google.com/
2024/07/25,イベント,キャラC,ここにテキストが入ります,福岡PayPayドーム,27.62856834,80.14765259,https://www.yahoo.co.jp/,
2024/07/25,イベント,キャラA,,ファイターズ鎌ヶ谷スタジアム,27.61392342,80.05371212,,
2024/07/26,イベント,キャラA,ここにテキストが入ります,ヤクルト戸田球場,27.5992785,79.95977165,https://www.google.com/,
2024/07/26,イベント,キャラC,,横須賀スタジアム,27.58463358,79.86583118,https://www.yahoo.co.jp/,https://www.google.com/
2024/07/27,イベント,キャラB,ここにテキストが入ります,タマホームスタジアム筑後,27.56998866,79.77189071,https://www.yahoo.co.jp/,
2024/07/27,イベント,キャラA,,スタルヒン球場,27.55534374,79.67795024,,
2024/07/28,イベント,キャラC,ここにテキストが入ります,はるか夢球場,27.54069882,79.58400977,https://www.google.com/,
2024/07/28,イベント,キャラB,,きたぎんボールパーク,27.5260539,79.4900693,https://www.yahoo.co.jp/,https://www.google.com/
2024/07/29,イベント,キャラA/キャラC,ここにテキストが入ります,こまちスタジアム,27.51140899,79.39612883,https://www.yahoo.co.jp/,
2024/07/29,イベント,キャラB,,きらやかスタジアム,27.49676407,79.30218836,,
2024/07/30,イベント,キャラB,ここにテキストが入ります,楽天イーグルス利府球場,27.48211915,79.20824789,https://www.google.com/,
2024/07/30,イベント,キャラA,,牛久運動公園野球場,27.46747423,79.11430742,https://www.yahoo.co.jp/,https://www.google.com/
2024/08/01,イベント,キャラA/キャラB,,長良川球場,27.43818439,78.92642648,,
2024/08/01,イベント,キャラC,ここにテキストが入ります,長崎ビッグNスタジアム,27.42353947,78.83248601,https://www.google.com/,
2024/08/02,イベント,キャラB,,大分県別大興産スタジアム,27.40889455,78.73854554,https://www.yahoo.co.jp/,https://www.google.com/
2024/08/02,イベント,キャラA,ここにテキストが入ります,ES CON FIELD HOKKAIDO,27.39424963,78.64460507,https://www.yahoo.co.jp/,
2024/08/03,イベント,キャラC,,楽天モバイルパーク宮城,27.37960472,78.5506646,,
2024/08/03,イベント,キャラC,ここにテキストが入ります,ベルーナドーム,27.3649598,78.45672413,https://www.google.com/,
2024/08/04,イベント,キャラA,,ZOZOマリンスタジアム,27.35031488,78.36278366,https://www.yahoo.co.jp/,https://www.google.com/
2024/08/05,イベント,キャラB/キャラC,ここにテキストが入ります,東京ドーム,27.33566996,78.26884319,https://www.yahoo.co.jp/,
2024/08/06,イベント,キャラC,,明治神宮野球場,27.32102504,78.17490272,,
2024/08/06,イベント,キャラA,ここにテキストが入ります,横浜スタジアム,27.30638012,78.08096225,https://www.google.com/,
2024/08/07,イベント,キャラA,,バンテリンドームナゴヤ,27.2917352,77.98702178,https://www.yahoo.co.jp/,https://www.google.com/
2024/08/07,イベント,キャラC,ここにテキストが入ります,京セラドーム大阪,27.27709028,77.89308131,https://www.yahoo.co.jp/,
2024/08/08,イベント,キャラB,,ほっともっとフィールド神戸,27.26244536,77.79914084,,
2024/08/08,イベント,キャラA,ここにテキストが入ります,阪神甲子園球場,27.24780044,77.70520037,https://www.google.com/,
2024/08/09,イベント,キャラC,,MAZDA Zoom-Zoom スタジアム 広島,27.23315553,77.6112599,https://www.yahoo.co.jp/,https://www.google.com/
2024/08/09,イベント,キャラB,ここにテキストが入ります,福岡PayPayドーム,27.21851061,77.51731943,https://www.yahoo.co.jp/,
2024/08/10,イベント,キャラA/キャラC,,ファイターズ鎌ヶ谷スタジアム,27.20386569,77.42337896,,
2024/08/10,イベント,キャラB,ここにテキストが入ります,ヤクルト戸田球場,27.18922077,77.32943849,https://www.google.com/,
2024/08/11,イベント,キャラB,,横須賀スタジアム,27.17457585,77.23549802,https://www.yahoo.co.jp/,https://www.google.com/
2024/08/11,イベント,キャラA,ここにテキストが入ります,タマホームスタジアム筑後,27.15993093,77.14155755,https://www.yahoo.co.jp/,
2024/08/12,イベント,キャラC,,スタルヒン球場,27.14528601,77.04761708,,
2024/08/13,イベント,キャラA/キャラB,ここにテキストが入ります,はるか夢球場,27.13064109,76.95367661,https://www.google.com/,
2024/08/13,イベント,キャラC,,きたぎんボールパーク,27.11599617,76.85973614,https://www.yahoo.co.jp/,https://www.google.com/
2024/08/14,イベント,キャラB,ここにテキストが入ります,こまちスタジアム,27.10135125,76.76579567,https://www.yahoo.co.jp/,
2024/08/14,イベント,キャラA,,きらやかスタジアム,27.08670634,76.6718552,,
2024/08/15,イベント,キャラC,ここにテキストが入ります,楽天イーグルス利府球場,27.07206142,76.57791473,https://www.google.com/,
2024/08/15,イベント,キャラC,,牛久運動公園野球場,27.0574165,76.48397426,https://www.yahoo.co.jp/,https://www.google.com/
2024/08/16,イベント,キャラA,ここにテキストが入ります,TOKIWAスタジアム龍ケ崎,27.04277158,76.39003379,https://www.yahoo.co.jp/,
2024/08/17,イベント,キャラB/キャラC,,長良川球場,27.02812666,76.29609332,,
2024/08/18,イベント,キャラC,ここにテキストが入ります,長崎ビッグNスタジアム,27.01348174,76.20215285,https://www.google.com/,
2024/08/18,イベント,キャラA,,大分県別大興産スタジアム,26.99883682,76.10821238,https://www.yahoo.co.jp/,https://www.google.com/
2024/08/19,イベント,キャラA,ここにテキストが入ります,ES CON FIELD HOKKAIDO,26.9841919,76.01427191,https://www.yahoo.co.jp/,
2024/08/19,イベント,キャラC,,楽天モバイルパーク宮城,26.96954698,75.92033144,,
2024/08/20,イベント,キャラB,ここにテキストが入ります,ベルーナドーム,26.95490206,75.82639097,https://www.google.com/,
2024/08/20,イベント,キャラA,,ZOZOマリンスタジアム,26.94025715,75.7324505,https://www.yahoo.co.jp/,https://www.google.com/
2024/08/21,イベント,キャラC,ここにテキストが入ります,東京ドーム,26.92561223,75.63851003,https://www.yahoo.co.jp/,
2024/08/21,イベント,キャラB,,明治神宮野球場,26.91096731,75.54456956,,
2024/08/22,イベント,キャラA/キャラC,ここにテキストが入ります,横浜スタジアム,26.89632239,75.45062909,https://www.google.com/,
2024/08/22,イベント,キャラB,,バンテリンドームナゴヤ,26.88167747,75.35668862,https://www.yahoo.co.jp/,https://www.google.com/
2024/08/23,イベント,キャラB,ここにテキストが入ります,京セラドーム大阪,26.86703255,75.26274815,https://www.yahoo.co.jp/,
2024/08/23,イベント,キャラA,,ほっともっとフィールド神戸,26.85238763,75.16880768,,
2024/08/24,イベント,キャラC,ここにテキストが入ります,阪神甲子園球場,26.83774271,75.07486722,https://www.google.com/,
2024/08/25,イベント,キャラA/キャラB,,MAZDA Zoom-Zoom スタジアム 広島,26.82309779,74.98092675,https://www.yahoo.co.jp/,https://www.google.com/
2024/08/25,イベント,キャラC,ここにテキストが入ります,福岡PayPayドーム,26.80845287,74.88698628,https://www.yahoo.co.jp/,
2024/08/26,イベント,キャラB,,ファイターズ鎌ヶ谷スタジアム,26.79380796,74.79304581,,
2024/08/26,イベント,キャラA,ここにテキストが入ります,ヤクルト戸田球場,26.77916304,74.69910534,https://www.google.com/,
2024/08/27,イベント,キャラC,,横須賀スタジアム,26.76451812,74.60516487,https://www.yahoo.co.jp/,https://www.google.com/
2024/08/27,イベント,キャラC,ここにテキストが入ります,タマホームスタジアム筑後,26.7498732,74.5112244,https://www.yahoo.co.jp/,
2024/08/28,イベント,キャラA,,スタルヒン球場,26.73522828,74.41728393,,
2024/08/30,イベント,キャラC,,きたぎんボールパーク,26.70593844,74.22940299,https://www.yahoo.co.jp/,https://www.google.com/
2024/08/30,イベント,キャラA,ここにテキストが入ります,こまちスタジアム,26.69129352,74.13546252,https://www.yahoo.co.jp/,
2024/08/31,イベント,キャラA,,きらやかスタジアム,26.6766486,74.04152205,,
2024/08/31,イベント,キャラC,ここにテキストが入ります,楽天イーグルス利府球場,26.66200368,73.94758158,https://www.google.com/,
2024/09/01,イベント,キャラB,,牛久運動公園野球場,26.64735877,73.85364111,https://www.yahoo.co.jp/,https://www.google.com/
2024/09/01,イベント,キャラA,ここにテキストが入ります,TOKIWAスタジアム龍ケ崎,26.63271385,73.75970064,https://www.yahoo.co.jp/,
2024/09/02,イベント,キャラC,,長良川球場,26.61806893,73.66576017,,
2024/09/02,イベント,キャラB,ここにテキストが入ります,長崎ビッグNスタジアム,26.60342401,73.5718197,https://www.google.com/,
2024/09/03,イベント,キャラA/キャラC,,大分県別大興産スタジアム,26.58877909,73.47787923,https://www.yahoo.co.jp/,https://www.google.com/
2024/09/03,イベント,キャラB,ここにテキストが入ります,ES CON FIELD HOKKAIDO,26.57413417,73.38393876,https://www.yahoo.co.jp/,
2024/09/04,イベント,キャラB,,楽天モバイルパーク宮城,26.55948925,73.28999829,,
2024/09/04,イベント,キャラA,ここにテキストが入ります,ベルーナドーム,26.54484433,73.19605782,https://www.google.com/,
2024/09/05,イベント,キャラC,,ZOZOマリンスタジアム,26.53019941,73.10211735,https://www.yahoo.co.jp/,https://www.google.com/
2024/09/06,イベント,キャラA/キャラB,ここにテキストが入ります,東京ドーム,26.51555449,73.00817688,https://www.yahoo.co.jp/,
2024/09/06,イベント,キャラC,,明治神宮野球場,26.50090958,72.91423641,,
2024/09/07,イベント,キャラB,ここにテキストが入ります,横浜スタジアム,26.48626466,72.82029594,https://www.google.com/,
2024/09/07,イベント,キャラA,,バンテリンドームナゴヤ,26.47161974,72.72635547,https://www.yahoo.co.jp/,https://www.google.com/
2024/09/08,イベント,キャラC,ここにテキストが入ります,京セラドーム大阪,26.45697482,72.632415,https://www.yahoo.co.jp/,
2024/09/08,イベント,キャラC,,ほっともっとフィールド神戸,26.4423299,72.53847453,,
2024/09/09,イベント,キャラA,ここにテキストが入ります,阪神甲子園球場,26.42768498,72.44453406,https://www.google.com/,
2024/09/11,イベント,キャラC,ここにテキストが入ります,福岡PayPayドーム,26.39839514,72.25665312,https://www.yahoo.co.jp/,
2024/09/11,イベント,キャラA,,ファイターズ鎌ヶ谷スタジアム,26.38375022,72.16271265,,
2024/09/12,イベント,キャラA,ここにテキストが入ります,ヤクルト戸田球場,26.36910531,72.06877218,https://www.google.com/,
2024/09/12,イベント,キャラC,,横須賀スタジアム,26.35446039,71.97483171,https://www.yahoo.co.jp/,https://www.google.com/
2024/09/13,イベント,キャラB,ここにテキストが入ります,タマホームスタジアム筑後,26.33981547,71.88089124,https://www.yahoo.co.jp/,
2024/09/13,イベント,キャラA,,スタルヒン球場,26.32517055,71.78695077,,
2024/09/14,イベント,キャラC,ここにテキストが入ります,はるか夢球場,26.31052563,71.6930103,https://www.google.com/,
2024/09/14,イベント,キャラB,,きたぎんボールパーク,26.29588071,71.59906983,https://www.yahoo.co.jp/,https://www.google.com/
2024/09/15,イベント,キャラA/キャラC,ここにテキストが入ります,こまちスタジアム,26.28123579,71.50512936,https://www.yahoo.co.jp/,
2024/09/15,イベント,キャラB,,きらやかスタジアム,26.26659087,71.41118889,,
2024/09/16,イベント,キャラB,ここにテキストが入ります,楽天イーグルス利府球場,26.25194595,71.31724842,https://www.google.com/,
2024/09/16,イベント,キャラA,,牛久運動公園野球場,26.23730103,71.22330795,https://www.yahoo.co.jp/,https://www.google.com/
2024/09/17,イベント,キャラC,ここにテキストが入ります,TOKIWAスタジアム龍ケ崎,26.22265612,71.12936748,https://www.yahoo.co.jp/,
2024/09/18,イベント,キャラA/キャラB,,長良川球場,26.2080112,71.03542701,,
2024/09/18,イベント,キャラC,ここにテキストが入ります,長崎ビッグNスタジアム,26.19336628,70.94148654,https://www.google.com/,
2024/09/19,イベント,キャラB,,大分県別大興産スタジアム,26.17872136,70.84754607,https://www.yahoo.co.jp/,https://www.google.com/
2024/09/19,イベント,キャラA,ここにテキストが入ります,ES CON FIELD HOKKAIDO,26.16407644,70.7536056,https://www.yahoo.co.jp/,
2024/09/20,イベント,キャラC,,楽天モバイルパーク宮城,26.14943152,70.65966513,,
2024/09/20,イベント,キャラC,ここにテキストが入ります,ベルーナドーム,26.1347866,70.56572466,https://www.google.com/,
2024/09/21,イベント,キャラA,,ZOZOマリンスタジアム,26.12014168,70.47178419,https://www.yahoo.co.jp/,https://www.google.com/
2024/09/22,イベント,キャラB/キャラC,ここにテキストが入ります,東京ドーム,26.10549676,70.37784372,https://www.yahoo.co.jp/,
2024/09/23,イベント,キャラC,,明治神宮野球場,26.09085184,70.28390325,,
2024/09/23,イベント,キャラA,ここにテキストが入ります,横浜スタジアム,26.07620693,70.18996278,https://www.google.com/,
2024/09/24,イベント,キャラA,,バンテリンドームナゴヤ,26.06156201,70.09602231,https://www.yahoo.co.jp/,https://www.google.com/
2024/09/24,イベント,キャラC,ここにテキストが入ります,京セラドーム大阪,26.04691709,70.00208184,https://www.yahoo.co.jp/,
2024/09/25,イベント,キャラB,,ほっともっとフィールド神戸,26.03227217,69.90814137,,
2024/09/25,イベント,キャラA,ここにテキストが入ります,阪神甲子園球場,26.01762725,69.8142009,https://www.google.com/,
2024/09/26,イベント,キャラC,,MAZDA Zoom-Zoom スタジアム 広島,26.00298233,69.72026043,https://www.yahoo.co.jp/,https://www.google.com/
2024/09/26,イベント,キャラB,ここにテキストが入ります,福岡PayPayドーム,25.98833741,69.62631996,https://www.yahoo.co.jp/,
2024/09/27,イベント,キャラA/キャラC,,ファイターズ鎌ヶ谷スタジアム,25.97369249,69.53237949,,
2024/09/27,イベント,キャラB,ここにテキストが入ります,ヤクルト戸田球場,25.95904757,69.43843902,https://www.google.com/,
2024/09/28,イベント,キャラB,,横須賀スタジアム,25.94440265,69.34449855,https://www.yahoo.co.jp/,https://www.google.com/
2024/09/28,イベント,キャラA,ここにテキストが入ります,タマホームスタジアム筑後,25.92975774,69.25055808,https://www.yahoo.co.jp/,
2024/09/29,イベント,キャラC,,スタルヒン球場,25.91511282,69.15661761,,
2024/09/30,イベント,キャラA/キャラB,ここにテキストが入ります,はるか夢球場,25.9004679,69.06267714,https://www.google.com/,
2024/09/30,イベント,キャラC,,きたぎんボールパーク,25.88582298,68.96873667,https://www.yahoo.co.jp/,https://www.google.com/
2024/10/01,イベント,キャラB,ここにテキストが入ります,こまちスタジアム,25.87117806,68.8747962,https://www.yahoo.co.jp/,
2024/10/01,イベント,キャラA,,きらやかスタジアム,25.85653314,68.78085573,,
2024/10/02,イベント,キャラC,ここにテキストが入ります,楽天イーグルス利府球場,25.84188822,68.68691526,https://www.google.com/,
2024/10/02,イベント,キャラC,,牛久運動公園野球場,25.8272433,68.59297479,https://www.yahoo.co.jp/,https://www.google.com/
2024/10/04,イベント,キャラB/キャラC,,長良川球場,25.79795346,68.40509385,,
2024/10/05,イベント,キャラC,ここにテキストが入ります,長崎ビッグNスタジアム,25.78330855,68.31115338,https://www.google.com/,
2024/10/05,イベント,キャラA,,大分県別大興産スタジアム,25.76866363,68.21721291,https://www.yahoo.co.jp/,https://www.google.com/
2024/10/06,イベント,キャラA,ここにテキストが入ります,ES CON FIELD HOKKAIDO,25.75401871,68.12327244,https://www.yahoo.co.jp/,
2024/10/06,イベント,キャラC,,楽天モバイルパーク宮城,25.73937379,68.02933197,,
2024/10/07,イベント,キャラB,ここにテキストが入ります,ベルーナドーム,25.72472887,67.9353915,https://www.google.com/,
2024/10/07,イベント,キャラA,,ZOZOマリンスタジアム,25.71008395,67.84145104,https://www.yahoo.co.jp/,https://www.google.com/
2024/10/08,イベント,キャラC,ここにテキストが入ります,東京ドーム,25.69543903,67.74751057,https://www.yahoo.co.jp/,
2024/10/08,イベント,キャラB,,明治神宮野球場,25.68079411,67.6535701,,
2024/10/09,イベント,キャラA/キャラC,ここにテキストが入ります,横浜スタジアム,25.66614919,67.55962963,https://www.google.com/,
2024/10/09,イベント,キャラB,,バンテリンドームナゴヤ,25.65150427,67.46568916,https://www.yahoo.co.jp/,https://www.google.com/
2024/10/10,イベント,キャラB,ここにテキストが入ります,京セラドーム大阪,25.63685936,67.37174869,https://www.yahoo.co.jp/,
2024/10/10,イベント,キャラA,,ほっともっとフィールド神戸,25.62221444,67.27780822,,
2024/10/11,イベント,キャラC,ここにテキストが入ります,阪神甲子園球場,25.60756952,67.18386775,https://www.google.com/,
2024/10/12,イベント,キャラA/キャラB,,MAZDA Zoom-Zoom スタジアム 広島,25.5929246,67.08992728,https://www.yahoo.co.jp/,https://www.google.com/
2024/10/12,イベント,キャラC,ここにテキストが入ります,福岡PayPayドーム,25.57827968,66.99598681,https://www.yahoo.co.jp/,
2024/10/13,イベント,キャラB,,ファイターズ鎌ヶ谷スタジアム,25.56363476,66.90204634,,
2024/10/13,イベント,キャラA,ここにテキストが入ります,ヤクルト戸田球場,25.54898984,66.80810587,https://www.google.com/,
2024/10/14,イベント,キャラC,,横須賀スタジアム,25.53434492,66.7141654,https://www.yahoo.co.jp/,https://www.google.com/
2024/10/14,イベント,キャラC,ここにテキストが入ります,タマホームスタジアム筑後,25.5197,66.62022493,https://www.yahoo.co.jp/,
2024/10/15,イベント,キャラA,,スタルヒン球場,25.50505508,66.52628446,,
2024/10/16,イベント,キャラB/キャラC,ここにテキストが入ります,はるか夢球場,25.49041017,66.43234399,https://www.google.com/,
2024/10/17,イベント,キャラC,,きたぎんボールパーク,25.47576525,66.33840352,https://www.yahoo.co.jp/,https://www.google.com/
2024/10/17,イベント,キャラA,ここにテキストが入ります,こまちスタジアム,25.46112033,66.24446305,https://www.yahoo.co.jp/,
2024/10/18,イベント,キャラA,,きらやかスタジアム,25.44647541,66.15052258,,
2024/10/18,イベント,キャラC,ここにテキストが入ります,楽天イーグルス利府球場,25.43183049,66.05658211,https://www.google.com/,
2024/10/19,イベント,キャラB,,牛久運動公園野球場,25.41718557,65.96264164,https://www.yahoo.co.jp/,https://www.google.com/
2024/10/19,イベント,キャラA,ここにテキストが入ります,TOKIWAスタジアム龍ケ崎,25.40254065,65.86870117,https://www.yahoo.co.jp/,
2024/10/20,イベント,キャラC,,長良川球場,25.38789573,65.7747607,,
2024/10/20,イベント,キャラB,ここにテキストが入ります,長崎ビッグNスタジアム,25.37325081,65.68082023,https://www.google.com/,
2024/10/21,イベント,キャラA/キャラC,,大分県別大興産スタジアム,25.3586059,65.58687976,https://www.yahoo.co.jp/,https://www.google.com/
2024/10/21,イベント,キャラB,ここにテキストが入ります,ES CON FIELD HOKKAIDO,25.34396098,65.49293929,https://www.yahoo.co.jp/,
2024/10/22,イベント,キャラB,,楽天モバイルパーク宮城,25.32931606,65.39899882,,
2024/10/22,イベント,キャラA,ここにテキストが入ります,ベルーナドーム,25.31467114,65.30505835,https://www.google.com/,
2024/10/23,イベント,キャラC,,ZOZOマリンスタジアム,25.30002622,65.21111788,https://www.yahoo.co.jp/,https://www.google.com/
2024/10/24,イベント,キャラA/キャラB,ここにテキストが入ります,東京ドーム,25.2853813,65.11717741,https://www.yahoo.co.jp/,
2024/10/24,イベント,キャラC,,明治神宮野球場,25.27073638,65.02323694,,
2024/10/25,イベント,キャラB,ここにテキストが入ります,横浜スタジアム,25.25609146,64.92929647,https://www.google.com/,
2024/10/25,イベント,キャラA,,バンテリンドームナゴヤ,25.24144654,64.835356,https://www.yahoo.co.jp/,https://www.google.com/
2024/10/26,イベント,キャラC,ここにテキストが入ります,京セラドーム大阪,25.22680162,64.74141553,https://www.yahoo.co.jp/,
2024/10/26,イベント,キャラC,,ほっともっとフィールド神戸,25.21215671,64.64747506,,
2024/10/27,イベント,キャラA,ここにテキストが入ります,阪神甲子園球場,25.19751179,64.55353459,https://www.google.com/,
2024/10/28,イベント,キャラB/キャラC,,MAZDA Zoom-Zoom スタジアム 広島,25.18286687,64.45959412,https://www.yahoo.co.jp/,https://www.google.com/
2024/10/29,イベント,キャラC,ここにテキストが入ります,福岡PayPayドーム,25.16822195,64.36565365,https://www.yahoo.co.jp/,
2024/10/29,イベント,キャラA,,ファイターズ鎌ヶ谷スタジアム,25.15357703,64.27171318,,
2024/10/30,イベント,キャラA,ここにテキストが入ります,ヤクルト戸田球場,25.13893211,64.17777271,https://www.google.com/,
2024/10/30,イベント,キャラC,,横須賀スタジアム,25.12428719,64.08383224,https://www.yahoo.co.jp/,https://www.google.com/
2024/10/31,イベント,キャラB,ここにテキストが入ります,タマホームスタジアム筑後,25.10964227,63.98989177,https://www.yahoo.co.jp/,
2024/10/31,イベント,キャラA,,スタルヒン球場,25.09499735,63.8959513,,
2024/11/01,イベント,キャラC,ここにテキストが入ります,はるか夢球場,25.08035243,63.80201083,https://www.google.com/,
2024/11/01,イベント,キャラB,,きたぎんボールパーク,25.06570752,63.70807036,https://www.yahoo.co.jp/,https://www.google.com/
2024/11/02,イベント,キャラA/キャラC,ここにテキストが入ります,こまちスタジアム,25.0510626,63.61412989,https://www.yahoo.co.jp/,
2024/11/02,イベント,キャラB,,きらやかスタジアム,25.03641768,63.52018942,,
2024/11/03,イベント,キャラB,ここにテキストが入ります,楽天イーグルス利府球場,25.02177276,63.42624895,https://www.google.com/,
2024/11/03,イベント,キャラA,,牛久運動公園野球場,25.00712784,63.33230848,https://www.yahoo.co.jp/,https://www.google.com/
2024/11/04,イベント,キャラC,ここにテキストが入ります,TOKIWAスタジアム龍ケ崎,24.99248292,63.23836801,https://www.yahoo.co.jp/,
2024/11/05,イベント,キャラA/キャラB,,長良川球場,24.977838,63.14442754,,
2024/11/05,イベント,キャラC,ここにテキストが入ります,長崎ビッグNスタジアム,24.96319308,63.05048707,https://www.google.com/,
2024/11/06,イベント,キャラB,,大分県別大興産スタジアム,24.94854816,62.9565466,https://www.yahoo.co.jp/,https://www.google.com/
2024/11/06,イベント,キャラA,ここにテキストが入ります,ES CON FIELD HOKKAIDO,24.93390324,62.86260613,https://www.yahoo.co.jp/,
2024/11/07,イベント,キャラC,,楽天モバイルパーク宮城,24.91925833,62.76866566,,
2024/11/07,イベント,キャラC,ここにテキストが入ります,ベルーナドーム,24.90461341,62.67472519,https://www.google.com/,
2024/11/08,イベント,キャラA,,ZOZOマリンスタジアム,24.88996849,62.58078472,https://www.yahoo.co.jp/,https://www.google.com/
2024/11/09,イベント,キャラB/キャラC,ここにテキストが入ります,東京ドーム,24.87532357,62.48684425,https://www.yahoo.co.jp/,
2024/11/10,イベント,キャラC,,明治神宮野球場,24.86067865,62.39290378,,
2024/11/10,イベント,キャラA,ここにテキストが入ります,横浜スタジアム,24.84603373,62.29896331,https://www.google.com/,
2024/11/11,イベント,キャラA,,バンテリンドームナゴヤ,24.83138881,62.20502284,https://www.yahoo.co.jp/,https://www.google.com/
2024/11/11,イベント,キャラC,ここにテキストが入ります,京セラドーム大阪,24.81674389,62.11108237,https://www.yahoo.co.jp/,
2024/11/12,イベント,キャラB,,ほっともっとフィールド神戸,24.80209897,62.0171419,,
2024/11/12,イベント,キャラA,ここにテキストが入ります,阪神甲子園球場,24.78745405,61.92320143,https://www.google.com/,
2024/11/13,イベント,キャラC,,MAZDA Zoom-Zoom スタジアム 広島,24.77280914,61.82926096,https://www.yahoo.co.jp/,https://www.google.com/
2024/11/13,イベント,キャラB,ここにテキストが入ります,福岡PayPayドーム,24.75816422,61.73532049,https://www.yahoo.co.jp/,
2024/11/14,イベント,キャラA/キャラC,,ファイターズ鎌ヶ谷スタジアム,24.7435193,61.64138002,,
2024/11/14,イベント,キャラB,ここにテキストが入ります,ヤクルト戸田球場,24.72887438,61.54743955,https://www.google.com/,
2024/11/15,イベント,キャラB,,横須賀スタジアム,24.71422946,61.45349908,https://www.yahoo.co.jp/,https://www.google.com/
2024/11/15,イベント,キャラA,ここにテキストが入ります,タマホームスタジアム筑後,24.69958454,61.35955861,https://www.yahoo.co.jp/,
2024/11/17,イベント,キャラA/キャラB,ここにテキストが入ります,はるか夢球場,24.6702947,61.17167767,https://www.google.com/,
2024/11/17,イベント,キャラC,,きたぎんボールパーク,24.65564978,61.0777372,https://www.yahoo.co.jp/,https://www.google.com/
2024/11/18,イベント,キャラB,ここにテキストが入ります,こまちスタジアム,24.64100486,60.98379673,https://www.yahoo.co.jp/,
2024/11/18,イベント,キャラA,,きらやかスタジアム,24.62635995,60.88985626,,
2024/11/19,イベント,キャラC,ここにテキストが入ります,楽天イーグルス利府球場,24.61171503,60.79591579,https://www.google.com/,
2024/11/19,イベント,キャラC,,牛久運動公園野球場,24.59707011,60.70197532,https://www.yahoo.co.jp/,https://www.google.com/
2024/11/20,イベント,キャラA,ここにテキストが入ります,TOKIWAスタジアム龍ケ崎,24.58242519,60.60803485,https://www.yahoo.co.jp/,
2024/11/21,イベント,キャラB/キャラC,,長良川球場,24.56778027,60.51409439,,
2024/11/22,イベント,キャラC,ここにテキストが入ります,長崎ビッグNスタジアム,24.55313535,60.42015392,https://www.google.com/,
2024/11/22,イベント,キャラA,,大分県別大興産スタジアム,24.53849043,60.32621345,https://www.yahoo.co.jp/,https://www.google.com/
2024/11/23,イベント,キャラA,ここにテキストが入ります,ES CON FIELD HOKKAIDO,24.52384551,60.23227298,https://www.yahoo.co.jp/,
2024/11/23,イベント,キャラC,,楽天モバイルパーク宮城,24.50920059,60.13833251,,
2024/11/24,イベント,キャラB,ここにテキストが入ります,ベルーナドーム,24.49455567,60.04439204,https://www.google.com/,
2024/11/24,イベント,キャラA,,ZOZOマリンスタジアム,24.47991076,59.95045157,https://www.yahoo.co.jp/,https://www.google.com/
2024/11/25,イベント,キャラC,ここにテキストが入ります,東京ドーム,24.46526584,59.8565111,https://www.yahoo.co.jp/,
2024/11/25,イベント,キャラB,,明治神宮野球場,24.45062092,59.76257063,,
2024/11/26,イベント,キャラA/キャラC,ここにテキストが入ります,横浜スタジアム,24.435976,59.66863016,https://www.google.com/,
2024/11/26,イベント,キャラB,,バンテリンドームナゴヤ,24.42133108,59.57468969,https://www.yahoo.co.jp/,https://www.google.com/
2024/11/27,イベント,キャラB,ここにテキストが入ります,京セラドーム大阪,24.40668616,59.48074922,https://www.yahoo.co.jp/,
2024/11/27,イベント,キャラA,,ほっともっとフィールド神戸,24.39204124,59.38680875,,
2024/11/28,イベント,キャラC,ここにテキストが入ります,阪神甲子園球場,24.37739632,59.29286828,https://www.google.com/,
2024/11/29,イベント,キャラA/キャラB,,MAZDA Zoom-Zoom スタジアム 広島,24.3627514,59.19892781,https://www.yahoo.co.jp/,https://www.google.com/
2024/11/29,イベント,キャラC,ここにテキストが入ります,福岡PayPayドーム,24.34810649,59.10498734,https://www.yahoo.co.jp/,
2024/11/30,イベント,キャラB,,ファイターズ鎌ヶ谷スタジアム,24.33346157,59.01104687,,
2024/11/30,イベント,キャラA,ここにテキストが入ります,ヤクルト戸田球場,24.31881665,58.9171064,https://www.google.com/,
2024/12/01,イベント,キャラC,,横須賀スタジアム,24.30417173,58.82316593,https://www.yahoo.co.jp/,https://www.google.com/
2024/12/01,イベント,キャラC,ここにテキストが入ります,タマホームスタジアム筑後,24.28952681,58.72922546,https://www.yahoo.co.jp/,
2024/12/02,イベント,キャラA,,スタルヒン球場,24.27488189,58.63528499,,
2024/12/03,イベント,キャラB/キャラC,ここにテキストが入ります,はるか夢球場,24.26023697,58.54134452,https://www.google.com/,
2024/12/04,イベント,キャラC,,きたぎんボールパーク,24.24559205,58.44740405,https://www.yahoo.co.jp/,https://www.google.com/
2024/12/04,イベント,キャラA,ここにテキストが入ります,こまちスタジアム,24.23094713,58.35346358,https://www.yahoo.co.jp/,
2024/12/05,イベント,キャラA,,きらやかスタジアム,24.21630221,58.25952311,,
2024/12/05,イベント,キャラC,ここにテキストが入ります,楽天イーグルス利府球場,24.2016573,58.16558264,https://www.google.com/,
2024/12/06,イベント,キャラB,,牛久運動公園野球場,24.18701238,58.07164217,https://www.yahoo.co.jp/,https://www.google.com/
2024/12/06,イベント,キャラA,ここにテキストが入ります,TOKIWAスタジアム龍ケ崎,24.17236746,57.9777017,https://www.yahoo.co.jp/,
2024/12/07,イベント,キャラC,,長良川球場,24.15772254,57.88376123,,
2024/12/07,イベント,キャラB,ここにテキストが入ります,長崎ビッグNスタジアム,24.14307762,57.78982076,https://www.google.com/,
2024/12/08,イベント,キャラA/キャラC,,大分県別大興産スタジアム,24.1284327,57.69588029,https://www.yahoo.co.jp/,https://www.google.com/
2024/12/08,イベント,キャラB,ここにテキストが入ります,ES CON FIELD HOKKAIDO,24.11378778,57.60193982,https://www.yahoo.co.jp/,
2024/12/09,イベント,キャラB,,楽天モバイルパーク宮城,24.09914286,57.50799935,,
2024/12/09,イベント,キャラA,ここにテキストが入ります,ベルーナドーム,24.08449794,57.41405888,https://www.google.com/,
2024/12/10,イベント,キャラC,,ZOZOマリンスタジアム,24.06985302,57.32011841,https://www.yahoo.co.jp/,https://www.google.com/
2024/12/11,イベント,キャラA/キャラB,ここにテキストが入ります,東京ドーム,24.05520811,57.22617794,https://www.yahoo.co.jp/,
2024/12/11,イベント,キャラC,,明治神宮野球場,24.04056319,57.13223747,,
2024/12/12,イベント,キャラB,ここにテキストが入ります,横浜スタジアム,24.02591827,57.038297,https://www.google.com/,
2024/12/12,イベント,キャラA,,バンテリンドームナゴヤ,24.01127335,56.94435653,https://www.yahoo.co.jp/,https://www.google.com/
2024/12/13,イベント,キャラC,ここにテキストが入ります,京セラドーム大阪,23.99662843,56.85041606,https://www.yahoo.co.jp/,
2024/12/13,イベント,キャラC,,ほっともっとフィールド神戸,23.98198351,56.75647559,,
2024/12/15,イベント,キャラB/キャラC,,MAZDA Zoom-Zoom スタジアム 広島,23.95269367,56.56859465,https://www.yahoo.co.jp/,https://www.google.com/
2024/12/16,イベント,キャラC,ここにテキストが入ります,福岡PayPayドーム,23.93804875,56.47465418,https://www.yahoo.co.jp/,
2024/12/16,イベント,キャラA,,ファイターズ鎌ヶ谷スタジアム,23.92340383,56.38071371,,
2024/12/17,イベント,キャラA,ここにテキストが入ります,ヤクルト戸田球場,23.90875892,56.28677324,https://www.google.com/,
2024/12/17,イベント,キャラC,,横須賀スタジアム,23.894114,56.19283277,https://www.yahoo.co.jp/,https://www.google.com/
2024/12/18,イベント,キャラB,ここにテキストが入ります,タマホームスタジアム筑後,23.87946908,56.0988923,https://www.yahoo.co.jp/,
2024/12/18,イベント,キャラA,,スタルヒン球場,23.86482416,56.00495183,,
2024/12/19,イベント,キャラC,ここにテキストが入ります,はるか夢球場,23.85017924,55.91101136,https://www.google.com/,
2024/12/19,イベント,キャラB,,きたぎんボールパーク,23.83553432,55.81707089,https://www.yahoo.co.jp/,https://www.google.com/
2024/12/20,イベント,キャラA/キャラC,ここにテキストが入ります,こまちスタジアム,23.8208894,55.72313042,https://www.yahoo.co.jp/,
2024/12/20,イベント,キャラB,,きらやかスタジアム,23.80624448,55.62918995,,
2024/12/21,イベント,キャラB,ここにテキストが入ります,楽天イーグルス利府球場,23.79159956,55.53524948,https://www.google.com/,
2024/12/21,イベント,キャラA,,牛久運動公園野球場,23.77695464,55.44130901,https://www.yahoo.co.jp/,https://www.google.com/
2024/12/22,イベント,キャラC,ここにテキストが入ります,TOKIWAスタジアム龍ケ崎,23.76230973,55.34736854,https://www.yahoo.co.jp/,
2024/12/23,イベント,キャラA/キャラB,,長良川球場,23.74766481,55.25342807,,
2024/12/23,イベント,キャラC,ここにテキストが入ります,長崎ビッグNスタジアム,23.73301989,55.1594876,https://www.google.com/,
2024/12/24,イベント,キャラB,,大分県別大興産スタジアム,23.71837497,55.06554713,https://www.yahoo.co.jp/,https://www.google.com/
2024/12/24,イベント,キャラA,ここにテキストが入ります,ES CON FIELD HOKKAIDO,23.70373005,54.97160666,https://www.yahoo.co.jp/,
2024/12/25,イベント,キャラC,,楽天モバイルパーク宮城,23.68908513,54.87766619,,
2024/12/25,イベント,キャラC,ここにテキストが入ります,ベルーナドーム,23.67444021,54.78372572,https://www.google.com/,
2024/12/26,イベント,キャラA,,ZOZOマリンスタジアム,23.65979529,54.68978525,https://www.yahoo.co.jp/,https://www.google.com/
2024/12/27,イベント,キャラB/キャラC,ここにテキストが入ります,東京ドーム,23.64515037,54.59584478,https://www.yahoo.co.jp/,
2024/12/28,イベント,キャラC,,明治神宮野球場,23.63050545,54.50190431,,
2024/12/28,イベント,キャラA,ここにテキストが入ります,横浜スタジアム,23.61586054,54.40796384,https://www.google.com/,
2024/12/29,イベント,キャラA,,バンテリンドームナゴヤ,23.60121562,54.31402337,https://www.yahoo.co.jp/,https://www.google.com/
2024/12/29,イベント,キャラC,ここにテキストが入ります,京セラドーム大阪,23.5865707,54.2200829,https://www.yahoo.co.jp/,
2024/12/30,イベント,キャラB,,ほっともっとフィールド神戸,23.57192578,54.12614243,,
2024/12/30,イベント,キャラA,ここにテキストが入ります,阪神甲子園球場,23.55728086,54.03220196,https://www.google.com/,
2024/12/31,イベント,キャラC,,MAZDA Zoom-Zoom スタジアム 広島,23.54263594,53.93826149,https://www.yahoo.co.jp/,https://www.google.com/
2024/12/31,イベント,キャラB,ここにテキストが入ります,福岡PayPayドーム,23.52799102,53.84432102,https://www.yahoo.co.jp/